Found 404 matching img file(s)
Output directory: /jet/home/pwojcik/lm_lab_proj/preprocessed/B1_preprocessed

Processing: B1_FOV02_Z059.tif
PROCESSED IMG SHAPE: (4, 2189, 2189)
Saved: B1_FOV02_Z059_pr.tif
took 0.7845373153686523 seconds

Processing: B1_FOV03_Z091.tif
PROCESSED IMG SHAPE: (4, 2189, 2189)
Saved: B1_FOV03_Z091_pr.tif
took 1.0083727836608887 seconds

Processing: B1_FOV03_Z021.tif
PROCESSED IMG SHAPE: (4, 2189, 2189)
Saved: B1_FOV03_Z021_pr.tif
took 0.7425549030303955 seconds

Processing: B1_FOV03_Z100.tif
PROCESSED IMG SHAPE: (4, 2189, 2189)
Saved: B1_FOV03_Z100_pr.tif
took 0.7828845977783203 seconds

Processing: B1_FOV00_Z019.tif
PROCESSED IMG SHAPE: (4, 2189, 2189)
Saved: B1_FOV00_Z019_pr.tif
took 0.7808167934417725 seconds

Processing: B1_FOV02_Z057.tif
PROCESSED IMG SHAPE: (4, 2189, 2189)
Saved: B1_FOV02_Z057_pr.tif
took 0.9426350593566895 seconds

Processing: B1_FOV02_Z015.tif
PROCESSED IMG SHAPE: (4, 2189, 2189)
Saved: B1_FOV02_Z015_pr.tif
took 0.815528154373169 seconds

Processing: B1_FOV03_Z074.tif
PROCESSED IMG SHAPE: (4, 2189, 2189)
Saved: B1_FOV03_Z074_pr.tif
took 0.7842533588409424 seconds

Processing: B1_FOV01_Z077.tif
PROCESSED IMG SHAPE: (4, 2189, 2189)
Saved: B1_FOV01_Z077_pr.tif
took 0.6170632839202881 seconds

Processing: B1_FOV01_Z041.tif
PROCESSED IMG SHAPE: (4, 2189, 2189)
Saved: B1_FOV01_Z041_pr.tif
took 0.6563060283660889 seconds

Processing: B1_FOV02_Z084.tif
PROCESSED IMG SHAPE: (4, 2189, 2189)
Saved: B1_FOV02_Z084_pr.tif
took 0.6763217449188232 seconds

Processing: B1_FOV03_Z013.tif
PROCESSED IMG SHAPE: (4, 2189, 2189)
Saved: B1_FOV03_Z013_pr.tif
took 0.8067212104797363 seconds

Processing: B1_FOV02_Z009.tif
PROCESSED IMG SHAPE: (4, 2189, 2189)
Saved: B1_FOV02_Z009_pr.tif
took 0.7404942512512207 seconds

Processing: B1_FOV02_Z080.tif
PROCESSED IMG SHAPE: (4, 2189, 2189)
Saved: B1_FOV02_Z080_pr.tif
took 0.7568440437316895 seconds

Processing: B1_FOV01_Z075.tif
PROCESSED IMG SHAPE: (4, 2189, 2189)
Saved: B1_FOV01_Z075_pr.tif
took 0.7551932334899902 seconds

Processing: B1_FOV01_Z040.tif
PROCESSED IMG SHAPE: (4, 2189, 2189)
Saved: B1_FOV01_Z040_pr.tif
took 0.6895284652709961 seconds

Processing: B1_FOV00_Z047.tif
PROCESSED IMG SHAPE: (4, 2189, 2189)
Saved: B1_FOV00_Z047_pr.tif
took 0.6544773578643799 seconds

Processing: B1_FOV01_Z008.tif
PROCESSED IMG SHAPE: (4, 2189, 2189)
Saved: B1_FOV01_Z008_pr.tif
took 0.7604706287384033 seconds

Processing: B1_FOV00_Z031.tif
PROCESSED IMG SHAPE: (4, 2189, 2189)
Saved: B1_FOV00_Z031_pr.tif
took 0.72458815574646 seconds

Processing: B1_FOV02_Z006.tif
PROCESSED IMG SHAPE: (4, 2189, 2189)
Saved: B1_FOV02_Z006_pr.tif
took 0.7759850025177002 seconds

Processing: B1_FOV00_Z005.tif
PROCESSED IMG SHAPE: (4, 2189, 2189)
Saved: B1_FOV00_Z005_pr.tif
took 1.0422794818878174 seconds

Processing: B1_FOV03_Z070.tif
PROCESSED IMG SHAPE: (4, 2189, 2189)
Saved: B1_FOV03_Z070_pr.tif
took 0.6476607322692871 seconds

Processing: B1_FOV02_Z072.tif
PROCESSED IMG SHAPE: (4, 2189, 2189)
Saved: B1_FOV02_Z072_pr.tif
took 0.7399957180023193 seconds

Processing: B1_FOV01_Z023.tif
PROCESSED IMG SHAPE: (4, 2189, 2189)
Saved: B1_FOV01_Z023_pr.tif
took 0.8327546119689941 seconds

Processing: B1_FOV02_Z061.tif
PROCESSED IMG SHAPE: (4, 2189, 2189)
Saved: B1_FOV02_Z061_pr.tif
took 0.7661652565002441 seconds

Processing: B1_FOV02_Z001.tif
PROCESSED IMG SHAPE: (4, 2189, 2189)
Saved: B1_FOV02_Z001_pr.tif
took 0.8215928077697754 seconds

Processing: B1_FOV00_Z069.tif
PROCESSED IMG SHAPE: (4, 2189, 2189)
Saved: B1_FOV00_Z069_pr.tif
took 0.7166297435760498 seconds

Processing: B1_FOV01_Z038.tif
PROCESSED IMG SHAPE: (4, 2189, 2189)
Saved: B1_FOV01_Z038_pr.tif
took 0.9106581211090088 seconds

Processing: B1_FOV02_Z020.tif
PROCESSED IMG SHAPE: (4, 2189, 2189)
Saved: B1_FOV02_Z020_pr.tif
took 0.7217042446136475 seconds

Processing: B1_FOV00_Z090.tif
PROCESSED IMG SHAPE: (4, 2189, 2189)
Saved: B1_FOV00_Z090_pr.tif
took 0.7709686756134033 seconds

Processing: B1_FOV00_Z066.tif
PROCESSED IMG SHAPE: (4, 2189, 2189)
Saved: B1_FOV00_Z066_pr.tif
took 0.7728095054626465 seconds

Processing: B1_FOV03_Z077.tif
PROCESSED IMG SHAPE: (4, 2189, 2189)
Saved: B1_FOV03_Z077_pr.tif
took 0.7532706260681152 seconds

Processing: B1_FOV00_Z036.tif
PROCESSED IMG SHAPE: (4, 2189, 2189)
Saved: B1_FOV00_Z036_pr.tif
took 0.6929895877838135 seconds

Processing: B1_FOV01_Z015.tif
PROCESSED IMG SHAPE: (4, 2189, 2189)
Saved: B1_FOV01_Z015_pr.tif
took 0.7663624286651611 seconds

Processing: B1_FOV01_Z058.tif
PROCESSED IMG SHAPE: (4, 2189, 2189)
Saved: B1_FOV01_Z058_pr.tif
took 0.707038164138794 seconds

Processing: B1_FOV03_Z063.tif
PROCESSED IMG SHAPE: (4, 2189, 2189)
Saved: B1_FOV03_Z063_pr.tif
took 0.7165489196777344 seconds

Processing: B1_FOV01_Z078.tif
PROCESSED IMG SHAPE: (4, 2189, 2189)
Saved: B1_FOV01_Z078_pr.tif
took 0.8023183345794678 seconds

Processing: B1_FOV00_Z048.tif
PROCESSED IMG SHAPE: (4, 2189, 2189)
Saved: B1_FOV00_Z048_pr.tif
took 0.7396705150604248 seconds

Processing: B1_FOV01_Z052.tif
PROCESSED IMG SHAPE: (4, 2189, 2189)
Saved: B1_FOV01_Z052_pr.tif
took 0.7125973701477051 seconds

Processing: B1_FOV03_Z030.tif
PROCESSED IMG SHAPE: (4, 2189, 2189)
Saved: B1_FOV03_Z030_pr.tif
took 0.7434375286102295 seconds

Processing: B1_FOV03_Z006.tif
PROCESSED IMG SHAPE: (4, 2189, 2189)
Saved: B1_FOV03_Z006_pr.tif
took 0.7728254795074463 seconds

Processing: B1_FOV01_Z055.tif
PROCESSED IMG SHAPE: (4, 2189, 2189)
Saved: B1_FOV01_Z055_pr.tif
took 1.0191521644592285 seconds

Processing: B1_FOV02_Z074.tif
PROCESSED IMG SHAPE: (4, 2189, 2189)
Saved: B1_FOV02_Z074_pr.tif
took 0.7737886905670166 seconds

Processing: B1_FOV01_Z093.tif
PROCESSED IMG SHAPE: (4, 2189, 2189)
Saved: B1_FOV01_Z093_pr.tif
took 0.8377573490142822 seconds

Processing: B1_FOV01_Z035.tif
PROCESSED IMG SHAPE: (4, 2189, 2189)
Saved: B1_FOV01_Z035_pr.tif
took 0.7049345970153809 seconds

Processing: B1_FOV02_Z005.tif
PROCESSED IMG SHAPE: (4, 2189, 2189)
Saved: B1_FOV02_Z005_pr.tif
took 0.7638883590698242 seconds

Processing: B1_FOV01_Z096.tif
PROCESSED IMG SHAPE: (4, 2189, 2189)
Saved: B1_FOV01_Z096_pr.tif
took 0.7699899673461914 seconds

Processing: B1_FOV00_Z008.tif
PROCESSED IMG SHAPE: (4, 2189, 2189)
Saved: B1_FOV00_Z008_pr.tif
took 1.0287487506866455 seconds

Processing: B1_FOV00_Z070.tif
PROCESSED IMG SHAPE: (4, 2189, 2189)
Saved: B1_FOV00_Z070_pr.tif
took 0.7869007587432861 seconds

Processing: B1_FOV03_Z010.tif
PROCESSED IMG SHAPE: (4, 2189, 2189)
Saved: B1_FOV03_Z010_pr.tif
took 0.7320432662963867 seconds

Processing: B1_FOV00_Z099.tif
PROCESSED IMG SHAPE: (4, 2189, 2189)
Saved: B1_FOV00_Z099_pr.tif
took 0.8793015480041504 seconds

Processing: B1_FOV02_Z035.tif
PROCESSED IMG SHAPE: (4, 2189, 2189)
Saved: B1_FOV02_Z035_pr.tif
took 0.8029258251190186 seconds

Processing: B1_FOV03_Z060.tif
PROCESSED IMG SHAPE: (4, 2189, 2189)
Saved: B1_FOV03_Z060_pr.tif
took 0.8142218589782715 seconds

Processing: B1_FOV00_Z073.tif
PROCESSED IMG SHAPE: (4, 2189, 2189)
Saved: B1_FOV00_Z073_pr.tif
took 0.703242301940918 seconds

Processing: B1_FOV03_Z043.tif
PROCESSED IMG SHAPE: (4, 2189, 2189)
Saved: B1_FOV03_Z043_pr.tif
took 0.7174568176269531 seconds

Processing: B1_FOV03_Z090.tif
PROCESSED IMG SHAPE: (4, 2189, 2189)
Saved: B1_FOV03_Z090_pr.tif
took 0.6984453201293945 seconds

Processing: B1_FOV01_Z070.tif
PROCESSED IMG SHAPE: (4, 2189, 2189)
Saved: B1_FOV01_Z070_pr.tif
took 0.7355704307556152 seconds

Processing: B1_FOV01_Z061.tif
PROCESSED IMG SHAPE: (4, 2189, 2189)
Saved: B1_FOV01_Z061_pr.tif
took 0.7406401634216309 seconds

Processing: B1_FOV01_Z018.tif
PROCESSED IMG SHAPE: (4, 2189, 2189)
Saved: B1_FOV01_Z018_pr.tif
took 0.7000234127044678 seconds

Processing: B1_FOV00_Z045.tif
PROCESSED IMG SHAPE: (4, 2189, 2189)
Saved: B1_FOV00_Z045_pr.tif
took 0.7980389595031738 seconds

Processing: B1_FOV00_Z006.tif
PROCESSED IMG SHAPE: (4, 2189, 2189)
Saved: B1_FOV00_Z006_pr.tif
took 0.7616291046142578 seconds

Processing: B1_FOV00_Z060.tif
PROCESSED IMG SHAPE: (4, 2189, 2189)
Saved: B1_FOV00_Z060_pr.tif
took 0.8250229358673096 seconds

Processing: B1_FOV03_Z034.tif
PROCESSED IMG SHAPE: (4, 2189, 2189)
Saved: B1_FOV03_Z034_pr.tif
took 0.6820011138916016 seconds

Processing: B1_FOV00_Z072.tif
PROCESSED IMG SHAPE: (4, 2189, 2189)
Saved: B1_FOV00_Z072_pr.tif
took 0.7129430770874023 seconds

Processing: B1_FOV03_Z066.tif
PROCESSED IMG SHAPE: (4, 2189, 2189)
Saved: B1_FOV03_Z066_pr.tif
took 0.7248580455780029 seconds

Processing: B1_FOV01_Z084.tif
PROCESSED IMG SHAPE: (4, 2189, 2189)
Saved: B1_FOV01_Z084_pr.tif
took 0.7609946727752686 seconds

Processing: B1_FOV00_Z097.tif
PROCESSED IMG SHAPE: (4, 2189, 2189)
Saved: B1_FOV00_Z097_pr.tif
took 0.6944382190704346 seconds

Processing: B1_FOV01_Z000.tif
PROCESSED IMG SHAPE: (4, 2189, 2189)
Saved: B1_FOV01_Z000_pr.tif
took 0.7300362586975098 seconds

Processing: B1_FOV03_Z005.tif
PROCESSED IMG SHAPE: (4, 2189, 2189)
Saved: B1_FOV03_Z005_pr.tif
took 0.7757184505462646 seconds

Processing: B1_FOV01_Z033.tif
PROCESSED IMG SHAPE: (4, 2189, 2189)
Saved: B1_FOV01_Z033_pr.tif
took 0.7973771095275879 seconds

Processing: B1_FOV02_Z093.tif
PROCESSED IMG SHAPE: (4, 2189, 2189)
Saved: B1_FOV02_Z093_pr.tif
took 0.7231781482696533 seconds

Processing: B1_FOV00_Z025.tif
PROCESSED IMG SHAPE: (4, 2189, 2189)
Saved: B1_FOV00_Z025_pr.tif
took 0.8010392189025879 seconds

Processing: B1_FOV00_Z095.tif
PROCESSED IMG SHAPE: (4, 2189, 2189)
Saved: B1_FOV00_Z095_pr.tif
took 0.7897317409515381 seconds

Processing: B1_FOV01_Z088.tif
PROCESSED IMG SHAPE: (4, 2189, 2189)
Saved: B1_FOV01_Z088_pr.tif
took 0.7320079803466797 seconds

Processing: B1_FOV02_Z077.tif
PROCESSED IMG SHAPE: (4, 2189, 2189)
Saved: B1_FOV02_Z077_pr.tif
took 0.6682069301605225 seconds

Processing: B1_FOV02_Z079.tif
PROCESSED IMG SHAPE: (4, 2189, 2189)
Saved: B1_FOV02_Z079_pr.tif
took 0.724574089050293 seconds

Processing: B1_FOV03_Z058.tif
PROCESSED IMG SHAPE: (4, 2189, 2189)
Saved: B1_FOV03_Z058_pr.tif
took 0.7839245796203613 seconds

Processing: B1_FOV01_Z036.tif
PROCESSED IMG SHAPE: (4, 2189, 2189)
Saved: B1_FOV01_Z036_pr.tif
took 0.7566373348236084 seconds

Processing: B1_FOV01_Z032.tif
PROCESSED IMG SHAPE: (4, 2189, 2189)
Saved: B1_FOV01_Z032_pr.tif
took 0.9285545349121094 seconds

Processing: B1_FOV02_Z065.tif
PROCESSED IMG SHAPE: (4, 2189, 2189)
Saved: B1_FOV02_Z065_pr.tif
took 0.6929471492767334 seconds

Processing: B1_FOV03_Z022.tif
PROCESSED IMG SHAPE: (4, 2189, 2189)
Saved: B1_FOV03_Z022_pr.tif
took 0.8194925785064697 seconds

Processing: B1_FOV02_Z033.tif
PROCESSED IMG SHAPE: (4, 2189, 2189)
Saved: B1_FOV02_Z033_pr.tif
took 0.8158631324768066 seconds

Processing: B1_FOV02_Z050.tif
PROCESSED IMG SHAPE: (4, 2189, 2189)
Saved: B1_FOV02_Z050_pr.tif
took 0.8521485328674316 seconds

Processing: B1_FOV03_Z001.tif
PROCESSED IMG SHAPE: (4, 2189, 2189)
Saved: B1_FOV03_Z001_pr.tif
took 0.7300717830657959 seconds

Processing: B1_FOV01_Z073.tif
PROCESSED IMG SHAPE: (4, 2189, 2189)
Saved: B1_FOV01_Z073_pr.tif
took 0.7212228775024414 seconds

Processing: B1_FOV00_Z088.tif
PROCESSED IMG SHAPE: (4, 2189, 2189)
Saved: B1_FOV00_Z088_pr.tif
took 0.7607192993164062 seconds

Processing: B1_FOV03_Z075.tif
PROCESSED IMG SHAPE: (4, 2189, 2189)
Saved: B1_FOV03_Z075_pr.tif
took 0.764141321182251 seconds

Processing: B1_FOV03_Z053.tif
PROCESSED IMG SHAPE: (4, 2189, 2189)
Saved: B1_FOV03_Z053_pr.tif
took 0.7410686016082764 seconds

Processing: B1_FOV00_Z056.tif
PROCESSED IMG SHAPE: (4, 2189, 2189)
Saved: B1_FOV00_Z056_pr.tif
took 0.7900891304016113 seconds

Processing: B1_FOV01_Z002.tif
PROCESSED IMG SHAPE: (4, 2189, 2189)
Saved: B1_FOV01_Z002_pr.tif
took 0.7868449687957764 seconds

Processing: B1_FOV01_Z065.tif
PROCESSED IMG SHAPE: (4, 2189, 2189)
Saved: B1_FOV01_Z065_pr.tif
took 0.7693352699279785 seconds

Processing: B1_FOV00_Z065.tif
PROCESSED IMG SHAPE: (4, 2189, 2189)
Saved: B1_FOV00_Z065_pr.tif
took 0.6630470752716064 seconds

Processing: B1_FOV00_Z079.tif
PROCESSED IMG SHAPE: (4, 2189, 2189)
Saved: B1_FOV00_Z079_pr.tif
took 0.7209358215332031 seconds

Processing: B1_FOV02_Z068.tif
PROCESSED IMG SHAPE: (4, 2189, 2189)
Saved: B1_FOV02_Z068_pr.tif
took 0.7027466297149658 seconds

Processing: B1_FOV03_Z023.tif
PROCESSED IMG SHAPE: (4, 2189, 2189)
Saved: B1_FOV03_Z023_pr.tif
took 0.7668125629425049 seconds

Processing: B1_FOV03_Z035.tif
PROCESSED IMG SHAPE: (4, 2189, 2189)
Saved: B1_FOV03_Z035_pr.tif
took 0.8204936981201172 seconds

Processing: B1_FOV03_Z071.tif
PROCESSED IMG SHAPE: (4, 2189, 2189)
Saved: B1_FOV03_Z071_pr.tif
took 0.7086570262908936 seconds

Processing: B1_FOV02_Z019.tif
PROCESSED IMG SHAPE: (4, 2189, 2189)
Saved: B1_FOV02_Z019_pr.tif
took 0.7228279113769531 seconds

Processing: B1_FOV03_Z025.tif
PROCESSED IMG SHAPE: (4, 2189, 2189)
Saved: B1_FOV03_Z025_pr.tif
took 0.7495019435882568 seconds

Processing: B1_FOV03_Z076.tif
PROCESSED IMG SHAPE: (4, 2189, 2189)
Saved: B1_FOV03_Z076_pr.tif
took 0.7381443977355957 seconds

Processing: B1_FOV00_Z020.tif
PROCESSED IMG SHAPE: (4, 2189, 2189)
Saved: B1_FOV00_Z020_pr.tif
took 0.7147188186645508 seconds

Processing: B1_FOV00_Z098.tif
PROCESSED IMG SHAPE: (4, 2189, 2189)
Saved: B1_FOV00_Z098_pr.tif
took 0.6585333347320557 seconds

Processing: B1_FOV00_Z071.tif
PROCESSED IMG SHAPE: (4, 2189, 2189)
Saved: B1_FOV00_Z071_pr.tif
took 0.7426517009735107 seconds

Processing: B1_FOV01_Z019.tif
PROCESSED IMG SHAPE: (4, 2189, 2189)
Saved: B1_FOV01_Z019_pr.tif
took 0.80322265625 seconds

Processing: B1_FOV01_Z089.tif
PROCESSED IMG SHAPE: (4, 2189, 2189)
Saved: B1_FOV01_Z089_pr.tif
took 0.7242186069488525 seconds

Processing: B1_FOV00_Z003.tif
PROCESSED IMG SHAPE: (4, 2189, 2189)
Saved: B1_FOV00_Z003_pr.tif
took 0.8224854469299316 seconds

Processing: B1_FOV02_Z062.tif
PROCESSED IMG SHAPE: (4, 2189, 2189)
Saved: B1_FOV02_Z062_pr.tif
took 0.8436901569366455 seconds

Processing: B1_FOV00_Z029.tif
PROCESSED IMG SHAPE: (4, 2189, 2189)
Saved: B1_FOV00_Z029_pr.tif
took 0.7640843391418457 seconds

Processing: B1_FOV03_Z089.tif
PROCESSED IMG SHAPE: (4, 2189, 2189)
Saved: B1_FOV03_Z089_pr.tif
took 0.7493155002593994 seconds

Processing: B1_FOV02_Z021.tif
PROCESSED IMG SHAPE: (4, 2189, 2189)
Saved: B1_FOV02_Z021_pr.tif
took 0.9952857494354248 seconds

Processing: B1_FOV01_Z087.tif
PROCESSED IMG SHAPE: (4, 2189, 2189)
Saved: B1_FOV01_Z087_pr.tif
took 0.7334756851196289 seconds

Processing: B1_FOV03_Z087.tif
PROCESSED IMG SHAPE: (4, 2189, 2189)
Saved: B1_FOV03_Z087_pr.tif
took 0.8289299011230469 seconds

Processing: B1_FOV03_Z007.tif
PROCESSED IMG SHAPE: (4, 2189, 2189)
Saved: B1_FOV03_Z007_pr.tif
took 0.7047693729400635 seconds

Processing: B1_FOV02_Z029.tif
PROCESSED IMG SHAPE: (4, 2189, 2189)
Saved: B1_FOV02_Z029_pr.tif
took 0.8182132244110107 seconds

Processing: B1_FOV00_Z016.tif
PROCESSED IMG SHAPE: (4, 2189, 2189)
Saved: B1_FOV00_Z016_pr.tif
took 0.761958122253418 seconds

Processing: B1_FOV03_Z046.tif
PROCESSED IMG SHAPE: (4, 2189, 2189)
Saved: B1_FOV03_Z046_pr.tif
took 0.7316741943359375 seconds

Processing: B1_FOV01_Z057.tif
PROCESSED IMG SHAPE: (4, 2189, 2189)
Saved: B1_FOV01_Z057_pr.tif
took 0.752983808517456 seconds

Processing: B1_FOV02_Z047.tif
PROCESSED IMG SHAPE: (4, 2189, 2189)
Saved: B1_FOV02_Z047_pr.tif
took 0.8457958698272705 seconds

Processing: B1_FOV03_Z095.tif
PROCESSED IMG SHAPE: (4, 2189, 2189)
Saved: B1_FOV03_Z095_pr.tif
took 0.7383596897125244 seconds

Processing: B1_FOV03_Z026.tif
PROCESSED IMG SHAPE: (4, 2189, 2189)
Saved: B1_FOV03_Z026_pr.tif
took 0.7443785667419434 seconds

Processing: B1_FOV02_Z023.tif
PROCESSED IMG SHAPE: (4, 2189, 2189)
Saved: B1_FOV02_Z023_pr.tif
took 0.7275216579437256 seconds

Processing: B1_FOV00_Z057.tif
PROCESSED IMG SHAPE: (4, 2189, 2189)
Saved: B1_FOV00_Z057_pr.tif
took 0.7607004642486572 seconds

Processing: B1_FOV01_Z050.tif
PROCESSED IMG SHAPE: (4, 2189, 2189)
Saved: B1_FOV01_Z050_pr.tif
took 0.6784653663635254 seconds

Processing: B1_FOV03_Z016.tif
PROCESSED IMG SHAPE: (4, 2189, 2189)
Saved: B1_FOV03_Z016_pr.tif
took 0.7091045379638672 seconds

Processing: B1_FOV03_Z031.tif
PROCESSED IMG SHAPE: (4, 2189, 2189)
Saved: B1_FOV03_Z031_pr.tif
took 0.7726964950561523 seconds

Processing: B1_FOV01_Z045.tif
PROCESSED IMG SHAPE: (4, 2189, 2189)
Saved: B1_FOV01_Z045_pr.tif
took 0.7400290966033936 seconds

Processing: B1_FOV00_Z051.tif
PROCESSED IMG SHAPE: (4, 2189, 2189)
Saved: B1_FOV00_Z051_pr.tif
took 0.7578005790710449 seconds

Processing: B1_FOV02_Z090.tif
PROCESSED IMG SHAPE: (4, 2189, 2189)
Saved: B1_FOV02_Z090_pr.tif
took 0.7057960033416748 seconds

Processing: B1_FOV03_Z099.tif
PROCESSED IMG SHAPE: (4, 2189, 2189)
Saved: B1_FOV03_Z099_pr.tif
took 0.7224838733673096 seconds

Processing: B1_FOV03_Z009.tif
PROCESSED IMG SHAPE: (4, 2189, 2189)
Saved: B1_FOV03_Z009_pr.tif
took 0.7802102565765381 seconds

Processing: B1_FOV02_Z042.tif
PROCESSED IMG SHAPE: (4, 2189, 2189)
Saved: B1_FOV02_Z042_pr.tif
took 0.76515793800354 seconds

Processing: B1_FOV01_Z100.tif
PROCESSED IMG SHAPE: (4, 2189, 2189)
Saved: B1_FOV01_Z100_pr.tif
took 0.7431480884552002 seconds

Processing: B1_FOV01_Z064.tif
PROCESSED IMG SHAPE: (4, 2189, 2189)
Saved: B1_FOV01_Z064_pr.tif
took 0.939734935760498 seconds

Processing: B1_FOV03_Z027.tif
PROCESSED IMG SHAPE: (4, 2189, 2189)
Saved: B1_FOV03_Z027_pr.tif
took 0.7008874416351318 seconds

Processing: B1_FOV00_Z044.tif
PROCESSED IMG SHAPE: (4, 2189, 2189)
Saved: B1_FOV00_Z044_pr.tif
took 0.774498701095581 seconds

Processing: B1_FOV03_Z003.tif
PROCESSED IMG SHAPE: (4, 2189, 2189)
Saved: B1_FOV03_Z003_pr.tif
took 0.6971938610076904 seconds

Processing: B1_FOV00_Z033.tif
PROCESSED IMG SHAPE: (4, 2189, 2189)
Saved: B1_FOV00_Z033_pr.tif
took 0.7107052803039551 seconds

Processing: B1_FOV01_Z042.tif
PROCESSED IMG SHAPE: (4, 2189, 2189)
Saved: B1_FOV01_Z042_pr.tif
took 0.6768746376037598 seconds

Processing: B1_FOV01_Z053.tif
PROCESSED IMG SHAPE: (4, 2189, 2189)
Saved: B1_FOV01_Z053_pr.tif
took 0.8226540088653564 seconds

Processing: B1_FOV02_Z000.tif
PROCESSED IMG SHAPE: (4, 2189, 2189)
Saved: B1_FOV02_Z000_pr.tif
took 0.7726006507873535 seconds

Processing: B1_FOV03_Z011.tif
PROCESSED IMG SHAPE: (4, 2189, 2189)
Saved: B1_FOV03_Z011_pr.tif
took 0.8152742385864258 seconds

Processing: B1_FOV02_Z024.tif
PROCESSED IMG SHAPE: (4, 2189, 2189)
Saved: B1_FOV02_Z024_pr.tif
took 0.7041215896606445 seconds

Processing: B1_FOV03_Z033.tif
PROCESSED IMG SHAPE: (4, 2189, 2189)
Saved: B1_FOV03_Z033_pr.tif
took 0.7849006652832031 seconds

Processing: B1_FOV00_Z083.tif
PROCESSED IMG SHAPE: (4, 2189, 2189)
Saved: B1_FOV00_Z083_pr.tif
took 0.7038018703460693 seconds

Processing: B1_FOV00_Z100.tif
PROCESSED IMG SHAPE: (4, 2189, 2189)
Saved: B1_FOV00_Z100_pr.tif
took 0.7386312484741211 seconds

Processing: B1_FOV02_Z025.tif
PROCESSED IMG SHAPE: (4, 2189, 2189)
Saved: B1_FOV02_Z025_pr.tif
took 0.6989662647247314 seconds

Processing: B1_FOV02_Z049.tif
PROCESSED IMG SHAPE: (4, 2189, 2189)
Saved: B1_FOV02_Z049_pr.tif
took 0.7508478164672852 seconds

Processing: B1_FOV02_Z032.tif
PROCESSED IMG SHAPE: (4, 2189, 2189)
Saved: B1_FOV02_Z032_pr.tif
took 0.7847630977630615 seconds

Processing: B1_FOV01_Z090.tif
PROCESSED IMG SHAPE: (4, 2189, 2189)
Saved: B1_FOV01_Z090_pr.tif
took 0.7811431884765625 seconds

Processing: B1_FOV01_Z079.tif
PROCESSED IMG SHAPE: (4, 2189, 2189)
Saved: B1_FOV01_Z079_pr.tif
took 0.8149683475494385 seconds

Processing: B1_FOV03_Z068.tif
PROCESSED IMG SHAPE: (4, 2189, 2189)
Saved: B1_FOV03_Z068_pr.tif
took 0.7184896469116211 seconds

Processing: B1_FOV03_Z097.tif
PROCESSED IMG SHAPE: (4, 2189, 2189)
Saved: B1_FOV03_Z097_pr.tif
took 0.6890397071838379 seconds

Processing: B1_FOV00_Z018.tif
PROCESSED IMG SHAPE: (4, 2189, 2189)
Saved: B1_FOV00_Z018_pr.tif
took 0.7407999038696289 seconds

Processing: B1_FOV02_Z092.tif
PROCESSED IMG SHAPE: (4, 2189, 2189)
Saved: B1_FOV02_Z092_pr.tif
took 0.7582387924194336 seconds

Processing: B1_FOV02_Z096.tif
PROCESSED IMG SHAPE: (4, 2189, 2189)
Saved: B1_FOV02_Z096_pr.tif
took 0.6997621059417725 seconds

Processing: B1_FOV02_Z031.tif
PROCESSED IMG SHAPE: (4, 2189, 2189)
Saved: B1_FOV02_Z031_pr.tif
took 0.7140536308288574 seconds

Processing: B1_FOV02_Z094.tif
PROCESSED IMG SHAPE: (4, 2189, 2189)
Saved: B1_FOV02_Z094_pr.tif
took 0.7313580513000488 seconds

Processing: B1_FOV03_Z045.tif
PROCESSED IMG SHAPE: (4, 2189, 2189)
Saved: B1_FOV03_Z045_pr.tif
took 0.7630374431610107 seconds

Processing: B1_FOV02_Z081.tif
PROCESSED IMG SHAPE: (4, 2189, 2189)
Saved: B1_FOV02_Z081_pr.tif
took 0.8044958114624023 seconds

Processing: B1_FOV00_Z076.tif
PROCESSED IMG SHAPE: (4, 2189, 2189)
Saved: B1_FOV00_Z076_pr.tif
took 0.7349064350128174 seconds

Processing: B1_FOV01_Z068.tif
PROCESSED IMG SHAPE: (4, 2189, 2189)
Saved: B1_FOV01_Z068_pr.tif
took 0.7780654430389404 seconds

Processing: B1_FOV03_Z015.tif
PROCESSED IMG SHAPE: (4, 2189, 2189)
Saved: B1_FOV03_Z015_pr.tif
took 0.6881365776062012 seconds

Processing: B1_FOV00_Z040.tif
PROCESSED IMG SHAPE: (4, 2189, 2189)
Saved: B1_FOV00_Z040_pr.tif
took 0.7605907917022705 seconds

Processing: B1_FOV01_Z029.tif
PROCESSED IMG SHAPE: (4, 2189, 2189)
Saved: B1_FOV01_Z029_pr.tif
took 0.7740716934204102 seconds

Processing: B1_FOV02_Z044.tif
PROCESSED IMG SHAPE: (4, 2189, 2189)
Saved: B1_FOV02_Z044_pr.tif
took 0.7321124076843262 seconds

Processing: B1_FOV01_Z099.tif
PROCESSED IMG SHAPE: (4, 2189, 2189)
Saved: B1_FOV01_Z099_pr.tif
took 0.7457127571105957 seconds

Processing: B1_FOV02_Z012.tif
PROCESSED IMG SHAPE: (4, 2189, 2189)
Saved: B1_FOV02_Z012_pr.tif
took 0.7757551670074463 seconds

Processing: B1_FOV03_Z057.tif
PROCESSED IMG SHAPE: (4, 2189, 2189)
Saved: B1_FOV03_Z057_pr.tif
took 0.7745630741119385 seconds

Processing: B1_FOV00_Z061.tif
PROCESSED IMG SHAPE: (4, 2189, 2189)
Saved: B1_FOV00_Z061_pr.tif
took 0.7011654376983643 seconds

Processing: B1_FOV02_Z073.tif
PROCESSED IMG SHAPE: (4, 2189, 2189)
Saved: B1_FOV02_Z073_pr.tif
took 0.6921541690826416 seconds

Processing: B1_FOV00_Z067.tif
PROCESSED IMG SHAPE: (4, 2189, 2189)
Saved: B1_FOV00_Z067_pr.tif
took 0.7368772029876709 seconds

Processing: B1_FOV02_Z016.tif
PROCESSED IMG SHAPE: (4, 2189, 2189)
Saved: B1_FOV02_Z016_pr.tif
took 0.6769461631774902 seconds

Processing: B1_FOV02_Z097.tif
PROCESSED IMG SHAPE: (4, 2189, 2189)
Saved: B1_FOV02_Z097_pr.tif
took 0.7075614929199219 seconds

Processing: B1_FOV00_Z049.tif
PROCESSED IMG SHAPE: (4, 2189, 2189)
Saved: B1_FOV00_Z049_pr.tif
took 0.7861711978912354 seconds

Processing: B1_FOV00_Z010.tif
PROCESSED IMG SHAPE: (4, 2189, 2189)
Saved: B1_FOV00_Z010_pr.tif
took 0.7482089996337891 seconds

Processing: B1_FOV00_Z017.tif
PROCESSED IMG SHAPE: (4, 2189, 2189)
Saved: B1_FOV00_Z017_pr.tif
took 0.7048606872558594 seconds

Processing: B1_FOV02_Z011.tif
PROCESSED IMG SHAPE: (4, 2189, 2189)
Saved: B1_FOV02_Z011_pr.tif
took 0.7562179565429688 seconds

Processing: B1_FOV02_Z052.tif
PROCESSED IMG SHAPE: (4, 2189, 2189)
Saved: B1_FOV02_Z052_pr.tif
took 0.7377843856811523 seconds

Processing: B1_FOV03_Z051.tif
PROCESSED IMG SHAPE: (4, 2189, 2189)
Saved: B1_FOV03_Z051_pr.tif
took 0.7835285663604736 seconds

Processing: B1_FOV03_Z052.tif
PROCESSED IMG SHAPE: (4, 2189, 2189)
Saved: B1_FOV03_Z052_pr.tif
took 0.7862138748168945 seconds

Processing: B1_FOV02_Z051.tif
PROCESSED IMG SHAPE: (4, 2189, 2189)
Saved: B1_FOV02_Z051_pr.tif
took 0.7468338012695312 seconds

Processing: B1_FOV00_Z059.tif
PROCESSED IMG SHAPE: (4, 2189, 2189)
Saved: B1_FOV00_Z059_pr.tif
took 0.8112878799438477 seconds

Processing: B1_FOV03_Z049.tif
PROCESSED IMG SHAPE: (4, 2189, 2189)
Saved: B1_FOV03_Z049_pr.tif
took 0.7771995067596436 seconds

Processing: B1_FOV01_Z007.tif
PROCESSED IMG SHAPE: (4, 2189, 2189)
Saved: B1_FOV01_Z007_pr.tif
took 0.8037400245666504 seconds

Processing: B1_FOV01_Z012.tif
PROCESSED IMG SHAPE: (4, 2189, 2189)
Saved: B1_FOV01_Z012_pr.tif
took 0.7447431087493896 seconds

Processing: B1_FOV03_Z093.tif
PROCESSED IMG SHAPE: (4, 2189, 2189)
Saved: B1_FOV03_Z093_pr.tif
took 0.7264528274536133 seconds

Processing: B1_FOV01_Z013.tif
PROCESSED IMG SHAPE: (4, 2189, 2189)
Saved: B1_FOV01_Z013_pr.tif
took 0.8112106323242188 seconds

Processing: B1_FOV03_Z083.tif
PROCESSED IMG SHAPE: (4, 2189, 2189)
Saved: B1_FOV03_Z083_pr.tif
took 0.7723402976989746 seconds

Processing: B1_FOV01_Z091.tif
PROCESSED IMG SHAPE: (4, 2189, 2189)
Saved: B1_FOV01_Z091_pr.tif
took 0.7259769439697266 seconds

Processing: B1_FOV02_Z041.tif
PROCESSED IMG SHAPE: (4, 2189, 2189)
Saved: B1_FOV02_Z041_pr.tif
took 0.6868295669555664 seconds

Processing: B1_FOV03_Z054.tif
PROCESSED IMG SHAPE: (4, 2189, 2189)
Saved: B1_FOV03_Z054_pr.tif
took 0.8025741577148438 seconds

Processing: B1_FOV00_Z027.tif
PROCESSED IMG SHAPE: (4, 2189, 2189)
Saved: B1_FOV00_Z027_pr.tif
took 0.7871038913726807 seconds

Processing: B1_FOV02_Z017.tif
PROCESSED IMG SHAPE: (4, 2189, 2189)
Saved: B1_FOV02_Z017_pr.tif
took 0.758004903793335 seconds

Processing: B1_FOV03_Z024.tif
PROCESSED IMG SHAPE: (4, 2189, 2189)
Saved: B1_FOV03_Z024_pr.tif
took 0.7560653686523438 seconds

Processing: B1_FOV00_Z053.tif
PROCESSED IMG SHAPE: (4, 2189, 2189)
Saved: B1_FOV00_Z053_pr.tif
took 0.7632253170013428 seconds

Processing: B1_FOV00_Z043.tif
PROCESSED IMG SHAPE: (4, 2189, 2189)
Saved: B1_FOV00_Z043_pr.tif
took 0.7081835269927979 seconds

Processing: B1_FOV00_Z077.tif
PROCESSED IMG SHAPE: (4, 2189, 2189)
Saved: B1_FOV00_Z077_pr.tif
took 0.8197145462036133 seconds

Processing: B1_FOV03_Z084.tif
PROCESSED IMG SHAPE: (4, 2189, 2189)
Saved: B1_FOV03_Z084_pr.tif
took 0.7117221355438232 seconds

Processing: B1_FOV03_Z080.tif
PROCESSED IMG SHAPE: (4, 2189, 2189)
Saved: B1_FOV03_Z080_pr.tif
took 0.7748820781707764 seconds

Processing: B1_FOV01_Z056.tif
PROCESSED IMG SHAPE: (4, 2189, 2189)
Saved: B1_FOV01_Z056_pr.tif
took 0.7852694988250732 seconds

Processing: B1_FOV03_Z078.tif
PROCESSED IMG SHAPE: (4, 2189, 2189)
Saved: B1_FOV03_Z078_pr.tif
took 0.7810006141662598 seconds

Processing: B1_FOV02_Z055.tif
PROCESSED IMG SHAPE: (4, 2189, 2189)
Saved: B1_FOV02_Z055_pr.tif
took 0.8171074390411377 seconds

Processing: B1_FOV01_Z060.tif
PROCESSED IMG SHAPE: (4, 2189, 2189)
Saved: B1_FOV01_Z060_pr.tif
took 0.7515244483947754 seconds

Processing: B1_FOV00_Z000.tif
PROCESSED IMG SHAPE: (4, 2189, 2189)
Saved: B1_FOV00_Z000_pr.tif
took 0.7436060905456543 seconds

Processing: B1_FOV02_Z013.tif
PROCESSED IMG SHAPE: (4, 2189, 2189)
Saved: B1_FOV02_Z013_pr.tif
took 0.7111213207244873 seconds

Processing: B1_FOV01_Z009.tif
PROCESSED IMG SHAPE: (4, 2189, 2189)
Saved: B1_FOV01_Z009_pr.tif
took 0.7238421440124512 seconds

Processing: B1_FOV03_Z018.tif
PROCESSED IMG SHAPE: (4, 2189, 2189)
Saved: B1_FOV03_Z018_pr.tif
took 0.7191846370697021 seconds

Processing: B1_FOV03_Z032.tif
PROCESSED IMG SHAPE: (4, 2189, 2189)
Saved: B1_FOV03_Z032_pr.tif
took 0.7035746574401855 seconds

Processing: B1_FOV01_Z025.tif
PROCESSED IMG SHAPE: (4, 2189, 2189)
Saved: B1_FOV01_Z025_pr.tif
took 0.7068531513214111 seconds

Processing: B1_FOV01_Z004.tif
PROCESSED IMG SHAPE: (4, 2189, 2189)
Saved: B1_FOV01_Z004_pr.tif
took 0.7315845489501953 seconds

Processing: B1_FOV01_Z097.tif
PROCESSED IMG SHAPE: (4, 2189, 2189)
Saved: B1_FOV01_Z097_pr.tif
took 0.8173532485961914 seconds

Processing: B1_FOV00_Z015.tif
PROCESSED IMG SHAPE: (4, 2189, 2189)
Saved: B1_FOV00_Z015_pr.tif
took 0.8003780841827393 seconds

Processing: B1_FOV01_Z095.tif
PROCESSED IMG SHAPE: (4, 2189, 2189)
Saved: B1_FOV01_Z095_pr.tif
took 0.7017734050750732 seconds

Processing: B1_FOV03_Z036.tif
PROCESSED IMG SHAPE: (4, 2189, 2189)
Saved: B1_FOV03_Z036_pr.tif
took 0.7278966903686523 seconds

Processing: B1_FOV00_Z014.tif
PROCESSED IMG SHAPE: (4, 2189, 2189)
Saved: B1_FOV00_Z014_pr.tif
took 0.7584700584411621 seconds

Processing: B1_FOV03_Z040.tif
PROCESSED IMG SHAPE: (4, 2189, 2189)
Saved: B1_FOV03_Z040_pr.tif
took 0.8071558475494385 seconds

Processing: B1_FOV00_Z034.tif
PROCESSED IMG SHAPE: (4, 2189, 2189)
Saved: B1_FOV00_Z034_pr.tif
took 0.7101507186889648 seconds

Processing: B1_FOV01_Z043.tif
PROCESSED IMG SHAPE: (4, 2189, 2189)
Saved: B1_FOV01_Z043_pr.tif
took 0.7631094455718994 seconds

Processing: B1_FOV00_Z089.tif
PROCESSED IMG SHAPE: (4, 2189, 2189)
Saved: B1_FOV00_Z089_pr.tif
took 0.6923201084136963 seconds

Processing: B1_FOV01_Z031.tif
PROCESSED IMG SHAPE: (4, 2189, 2189)
Saved: B1_FOV01_Z031_pr.tif
took 0.7841029167175293 seconds

Processing: B1_FOV01_Z083.tif
PROCESSED IMG SHAPE: (4, 2189, 2189)
Saved: B1_FOV01_Z083_pr.tif
took 0.6736795902252197 seconds

Processing: B1_FOV01_Z001.tif
PROCESSED IMG SHAPE: (4, 2189, 2189)
Saved: B1_FOV01_Z001_pr.tif
took 0.6973884105682373 seconds

Processing: B1_FOV00_Z055.tif
PROCESSED IMG SHAPE: (4, 2189, 2189)
Saved: B1_FOV00_Z055_pr.tif
took 0.7456011772155762 seconds

Processing: B1_FOV00_Z080.tif
PROCESSED IMG SHAPE: (4, 2189, 2189)
Saved: B1_FOV00_Z080_pr.tif
took 0.7459011077880859 seconds

Processing: B1_FOV03_Z081.tif
PROCESSED IMG SHAPE: (4, 2189, 2189)
Saved: B1_FOV03_Z081_pr.tif
took 0.6754050254821777 seconds

Processing: B1_FOV02_Z085.tif
PROCESSED IMG SHAPE: (4, 2189, 2189)
Saved: B1_FOV02_Z085_pr.tif
took 0.6651687622070312 seconds

Processing: B1_FOV03_Z082.tif
PROCESSED IMG SHAPE: (4, 2189, 2189)
Saved: B1_FOV03_Z082_pr.tif
took 0.7621974945068359 seconds

Processing: B1_FOV01_Z080.tif
PROCESSED IMG SHAPE: (4, 2189, 2189)
Saved: B1_FOV01_Z080_pr.tif
took 0.7433433532714844 seconds

Processing: B1_FOV03_Z059.tif
PROCESSED IMG SHAPE: (4, 2189, 2189)
Saved: B1_FOV03_Z059_pr.tif
took 0.7376983165740967 seconds

Processing: B1_FOV02_Z034.tif
PROCESSED IMG SHAPE: (4, 2189, 2189)
Saved: B1_FOV02_Z034_pr.tif
took 0.7327303886413574 seconds

Processing: B1_FOV02_Z066.tif
PROCESSED IMG SHAPE: (4, 2189, 2189)
Saved: B1_FOV02_Z066_pr.tif
took 0.7836673259735107 seconds

Processing: B1_FOV00_Z004.tif
PROCESSED IMG SHAPE: (4, 2189, 2189)
Saved: B1_FOV00_Z004_pr.tif
took 0.7737128734588623 seconds

Processing: B1_FOV01_Z017.tif
PROCESSED IMG SHAPE: (4, 2189, 2189)
Saved: B1_FOV01_Z017_pr.tif
took 0.7472410202026367 seconds

Processing: B1_FOV02_Z082.tif
PROCESSED IMG SHAPE: (4, 2189, 2189)
Saved: B1_FOV02_Z082_pr.tif
took 0.7072737216949463 seconds

Processing: B1_FOV03_Z008.tif
PROCESSED IMG SHAPE: (4, 2189, 2189)
Saved: B1_FOV03_Z008_pr.tif
took 0.7212584018707275 seconds

Processing: B1_FOV02_Z028.tif
PROCESSED IMG SHAPE: (4, 2189, 2189)
Saved: B1_FOV02_Z028_pr.tif
took 0.7919361591339111 seconds

Processing: B1_FOV00_Z068.tif
PROCESSED IMG SHAPE: (4, 2189, 2189)
Saved: B1_FOV00_Z068_pr.tif
took 0.8045909404754639 seconds

Processing: B1_FOV01_Z085.tif
PROCESSED IMG SHAPE: (4, 2189, 2189)
Saved: B1_FOV01_Z085_pr.tif
took 0.722163200378418 seconds

Processing: B1_FOV00_Z013.tif
PROCESSED IMG SHAPE: (4, 2189, 2189)
Saved: B1_FOV00_Z013_pr.tif
took 0.7358007431030273 seconds

Processing: B1_FOV01_Z022.tif
PROCESSED IMG SHAPE: (4, 2189, 2189)
Saved: B1_FOV01_Z022_pr.tif
took 0.7212321758270264 seconds

Processing: B1_FOV02_Z014.tif
PROCESSED IMG SHAPE: (4, 2189, 2189)
Saved: B1_FOV02_Z014_pr.tif
took 0.7748863697052002 seconds

Processing: B1_FOV01_Z039.tif
PROCESSED IMG SHAPE: (4, 2189, 2189)
Saved: B1_FOV01_Z039_pr.tif
took 0.7418043613433838 seconds

Processing: B1_FOV02_Z078.tif
PROCESSED IMG SHAPE: (4, 2189, 2189)
Saved: B1_FOV02_Z078_pr.tif
took 0.6798141002655029 seconds

Processing: B1_FOV02_Z069.tif
PROCESSED IMG SHAPE: (4, 2189, 2189)
Saved: B1_FOV02_Z069_pr.tif
took 0.6475589275360107 seconds

Processing: B1_FOV01_Z010.tif
PROCESSED IMG SHAPE: (4, 2189, 2189)
Saved: B1_FOV01_Z010_pr.tif
took 0.7218973636627197 seconds

Processing: B1_FOV03_Z047.tif
PROCESSED IMG SHAPE: (4, 2189, 2189)
Saved: B1_FOV03_Z047_pr.tif
took 0.7129707336425781 seconds

Processing: B1_FOV00_Z037.tif
PROCESSED IMG SHAPE: (4, 2189, 2189)
Saved: B1_FOV00_Z037_pr.tif
took 0.7559597492218018 seconds

Processing: B1_FOV02_Z056.tif
PROCESSED IMG SHAPE: (4, 2189, 2189)
Saved: B1_FOV02_Z056_pr.tif
took 0.6714837551116943 seconds

Processing: B1_FOV01_Z003.tif
PROCESSED IMG SHAPE: (4, 2189, 2189)
Saved: B1_FOV01_Z003_pr.tif
took 0.7832424640655518 seconds

Processing: B1_FOV03_Z039.tif
PROCESSED IMG SHAPE: (4, 2189, 2189)
Saved: B1_FOV03_Z039_pr.tif
took 0.7836072444915771 seconds

Processing: B1_FOV02_Z026.tif
PROCESSED IMG SHAPE: (4, 2189, 2189)
Saved: B1_FOV02_Z026_pr.tif
took 0.7682487964630127 seconds

Processing: B1_FOV00_Z009.tif
PROCESSED IMG SHAPE: (4, 2189, 2189)
Saved: B1_FOV00_Z009_pr.tif
took 0.702369213104248 seconds

Processing: B1_FOV03_Z004.tif
PROCESSED IMG SHAPE: (4, 2189, 2189)
Saved: B1_FOV03_Z004_pr.tif
took 0.7086739540100098 seconds

Processing: B1_FOV01_Z098.tif
PROCESSED IMG SHAPE: (4, 2189, 2189)
Saved: B1_FOV01_Z098_pr.tif
took 0.6615228652954102 seconds

Processing: B1_FOV01_Z047.tif
PROCESSED IMG SHAPE: (4, 2189, 2189)
Saved: B1_FOV01_Z047_pr.tif
took 0.6772050857543945 seconds

Processing: B1_FOV01_Z027.tif
PROCESSED IMG SHAPE: (4, 2189, 2189)
Saved: B1_FOV01_Z027_pr.tif
took 0.6879041194915771 seconds

Processing: B1_FOV02_Z018.tif
PROCESSED IMG SHAPE: (4, 2189, 2189)
Saved: B1_FOV02_Z018_pr.tif
took 0.7215220928192139 seconds

Processing: B1_FOV00_Z024.tif
PROCESSED IMG SHAPE: (4, 2189, 2189)
Saved: B1_FOV00_Z024_pr.tif
took 0.6789219379425049 seconds

Processing: B1_FOV01_Z092.tif
PROCESSED IMG SHAPE: (4, 2189, 2189)
Saved: B1_FOV01_Z092_pr.tif
took 0.6811106204986572 seconds

Processing: B1_FOV01_Z072.tif
PROCESSED IMG SHAPE: (4, 2189, 2189)
Saved: B1_FOV01_Z072_pr.tif
took 0.7615468502044678 seconds

Processing: B1_FOV00_Z085.tif
PROCESSED IMG SHAPE: (4, 2189, 2189)
Saved: B1_FOV00_Z085_pr.tif
took 0.7781829833984375 seconds

Processing: B1_FOV00_Z054.tif
PROCESSED IMG SHAPE: (4, 2189, 2189)
Saved: B1_FOV00_Z054_pr.tif
took 0.720651388168335 seconds

Processing: B1_FOV01_Z094.tif
PROCESSED IMG SHAPE: (4, 2189, 2189)
Saved: B1_FOV01_Z094_pr.tif
took 0.7182364463806152 seconds

Processing: B1_FOV02_Z004.tif
PROCESSED IMG SHAPE: (4, 2189, 2189)
Saved: B1_FOV02_Z004_pr.tif
took 0.7792012691497803 seconds

Processing: B1_FOV00_Z023.tif
PROCESSED IMG SHAPE: (4, 2189, 2189)
Saved: B1_FOV00_Z023_pr.tif
took 0.7988381385803223 seconds

Processing: B1_FOV01_Z076.tif
PROCESSED IMG SHAPE: (4, 2189, 2189)
Saved: B1_FOV01_Z076_pr.tif
took 0.6831533908843994 seconds

Processing: B1_FOV00_Z093.tif
PROCESSED IMG SHAPE: (4, 2189, 2189)
Saved: B1_FOV00_Z093_pr.tif
took 0.7454752922058105 seconds

Processing: B1_FOV02_Z003.tif
PROCESSED IMG SHAPE: (4, 2189, 2189)
Saved: B1_FOV02_Z003_pr.tif
took 0.7456846237182617 seconds

Processing: B1_FOV00_Z082.tif
PROCESSED IMG SHAPE: (4, 2189, 2189)
Saved: B1_FOV00_Z082_pr.tif
took 0.8811087608337402 seconds

Processing: B1_FOV00_Z062.tif
PROCESSED IMG SHAPE: (4, 2189, 2189)
Saved: B1_FOV00_Z062_pr.tif
took 0.7280445098876953 seconds

Processing: B1_FOV00_Z081.tif
PROCESSED IMG SHAPE: (4, 2189, 2189)
Saved: B1_FOV00_Z081_pr.tif
took 0.7697558403015137 seconds

Processing: B1_FOV00_Z094.tif
PROCESSED IMG SHAPE: (4, 2189, 2189)
Saved: B1_FOV00_Z094_pr.tif
took 0.6822984218597412 seconds

Processing: B1_FOV01_Z030.tif
PROCESSED IMG SHAPE: (4, 2189, 2189)
Saved: B1_FOV01_Z030_pr.tif
took 0.6850242614746094 seconds

Processing: B1_FOV01_Z016.tif
PROCESSED IMG SHAPE: (4, 2189, 2189)
Saved: B1_FOV01_Z016_pr.tif
took 0.7105593681335449 seconds

Processing: B1_FOV01_Z063.tif
PROCESSED IMG SHAPE: (4, 2189, 2189)
Saved: B1_FOV01_Z063_pr.tif
took 0.7425580024719238 seconds

Processing: B1_FOV02_Z071.tif
PROCESSED IMG SHAPE: (4, 2189, 2189)
Saved: B1_FOV02_Z071_pr.tif
took 0.7398860454559326 seconds

Processing: B1_FOV02_Z063.tif
PROCESSED IMG SHAPE: (4, 2189, 2189)
Saved: B1_FOV02_Z063_pr.tif
took 0.7259070873260498 seconds

Processing: B1_FOV03_Z048.tif
PROCESSED IMG SHAPE: (4, 2189, 2189)
Saved: B1_FOV03_Z048_pr.tif
took 0.756739616394043 seconds

Processing: B1_FOV00_Z086.tif
PROCESSED IMG SHAPE: (4, 2189, 2189)
Saved: B1_FOV00_Z086_pr.tif
took 0.6673717498779297 seconds

Processing: B1_FOV03_Z020.tif
PROCESSED IMG SHAPE: (4, 2189, 2189)
Saved: B1_FOV03_Z020_pr.tif
took 0.704434871673584 seconds

Processing: B1_FOV01_Z034.tif
PROCESSED IMG SHAPE: (4, 2189, 2189)
Saved: B1_FOV01_Z034_pr.tif
took 0.77327561378479 seconds

Processing: B1_FOV00_Z002.tif
PROCESSED IMG SHAPE: (4, 2189, 2189)
Saved: B1_FOV00_Z002_pr.tif
took 0.7293570041656494 seconds

Processing: B1_FOV01_Z067.tif
PROCESSED IMG SHAPE: (4, 2189, 2189)
Saved: B1_FOV01_Z067_pr.tif
took 0.7342712879180908 seconds

Processing: B1_FOV02_Z007.tif
PROCESSED IMG SHAPE: (4, 2189, 2189)
Saved: B1_FOV02_Z007_pr.tif
took 0.7828972339630127 seconds

Processing: B1_FOV03_Z019.tif
PROCESSED IMG SHAPE: (4, 2189, 2189)
Saved: B1_FOV03_Z019_pr.tif
took 0.7402834892272949 seconds

Processing: B1_FOV01_Z059.tif
PROCESSED IMG SHAPE: (4, 2189, 2189)
Saved: B1_FOV01_Z059_pr.tif
took 0.7462949752807617 seconds

Processing: B1_FOV03_Z000.tif
PROCESSED IMG SHAPE: (4, 2189, 2189)
Saved: B1_FOV03_Z000_pr.tif
took 0.780188798904419 seconds

Processing: B1_FOV03_Z042.tif
PROCESSED IMG SHAPE: (4, 2189, 2189)
Saved: B1_FOV03_Z042_pr.tif
took 0.713944673538208 seconds

Processing: B1_FOV03_Z017.tif
PROCESSED IMG SHAPE: (4, 2189, 2189)
Saved: B1_FOV03_Z017_pr.tif
took 0.774744987487793 seconds

Processing: B1_FOV03_Z037.tif
PROCESSED IMG SHAPE: (4, 2189, 2189)
Saved: B1_FOV03_Z037_pr.tif
took 0.7858483791351318 seconds

Processing: B1_FOV03_Z056.tif
PROCESSED IMG SHAPE: (4, 2189, 2189)
Saved: B1_FOV03_Z056_pr.tif
took 0.7042891979217529 seconds

Processing: B1_FOV03_Z067.tif
PROCESSED IMG SHAPE: (4, 2189, 2189)
Saved: B1_FOV03_Z067_pr.tif
took 0.79398512840271 seconds

Processing: B1_FOV02_Z060.tif
PROCESSED IMG SHAPE: (4, 2189, 2189)
Saved: B1_FOV02_Z060_pr.tif
took 0.6867616176605225 seconds

Processing: B1_FOV03_Z086.tif
PROCESSED IMG SHAPE: (4, 2189, 2189)
Saved: B1_FOV03_Z086_pr.tif
took 0.6914000511169434 seconds

Processing: B1_FOV00_Z050.tif
PROCESSED IMG SHAPE: (4, 2189, 2189)
Saved: B1_FOV00_Z050_pr.tif
took 0.8186054229736328 seconds

Processing: B1_FOV01_Z071.tif
PROCESSED IMG SHAPE: (4, 2189, 2189)
Saved: B1_FOV01_Z071_pr.tif
took 0.6857378482818604 seconds

Processing: B1_FOV02_Z010.tif
PROCESSED IMG SHAPE: (4, 2189, 2189)
Saved: B1_FOV02_Z010_pr.tif
took 0.7441129684448242 seconds

Processing: B1_FOV01_Z046.tif
PROCESSED IMG SHAPE: (4, 2189, 2189)
Saved: B1_FOV01_Z046_pr.tif
took 0.7260334491729736 seconds

Processing: B1_FOV00_Z075.tif
PROCESSED IMG SHAPE: (4, 2189, 2189)
Saved: B1_FOV00_Z075_pr.tif
took 0.7398226261138916 seconds

Processing: B1_FOV02_Z022.tif
PROCESSED IMG SHAPE: (4, 2189, 2189)
Saved: B1_FOV02_Z022_pr.tif
took 0.7371151447296143 seconds

Processing: B1_FOV02_Z038.tif
PROCESSED IMG SHAPE: (4, 2189, 2189)
Saved: B1_FOV02_Z038_pr.tif
took 0.7646734714508057 seconds

Processing: B1_FOV01_Z024.tif
PROCESSED IMG SHAPE: (4, 2189, 2189)
Saved: B1_FOV01_Z024_pr.tif
took 0.7056679725646973 seconds

Processing: B1_FOV01_Z081.tif
PROCESSED IMG SHAPE: (4, 2189, 2189)
Saved: B1_FOV01_Z081_pr.tif
took 0.722916841506958 seconds

Processing: B1_FOV02_Z002.tif
PROCESSED IMG SHAPE: (4, 2189, 2189)
Saved: B1_FOV02_Z002_pr.tif
took 0.7746231555938721 seconds

Processing: B1_FOV00_Z028.tif
PROCESSED IMG SHAPE: (4, 2189, 2189)
Saved: B1_FOV00_Z028_pr.tif
took 0.8078863620758057 seconds

Processing: B1_FOV02_Z030.tif
PROCESSED IMG SHAPE: (4, 2189, 2189)
Saved: B1_FOV02_Z030_pr.tif
took 0.7465705871582031 seconds

Processing: B1_FOV03_Z061.tif
PROCESSED IMG SHAPE: (4, 2189, 2189)
Saved: B1_FOV03_Z061_pr.tif
took 0.7416510581970215 seconds

Processing: B1_FOV03_Z085.tif
PROCESSED IMG SHAPE: (4, 2189, 2189)
Saved: B1_FOV03_Z085_pr.tif
took 0.7126753330230713 seconds

Processing: B1_FOV00_Z035.tif
PROCESSED IMG SHAPE: (4, 2189, 2189)
Saved: B1_FOV00_Z035_pr.tif
took 0.7162699699401855 seconds

Processing: B1_FOV03_Z041.tif
PROCESSED IMG SHAPE: (4, 2189, 2189)
Saved: B1_FOV03_Z041_pr.tif
took 0.9722702503204346 seconds

Processing: B1_FOV03_Z029.tif
PROCESSED IMG SHAPE: (4, 2189, 2189)
Saved: B1_FOV03_Z029_pr.tif
took 0.71470046043396 seconds

Processing: B1_FOV03_Z094.tif
PROCESSED IMG SHAPE: (4, 2189, 2189)
Saved: B1_FOV03_Z094_pr.tif
took 0.81154465675354 seconds

Processing: B1_FOV02_Z076.tif
PROCESSED IMG SHAPE: (4, 2189, 2189)
Saved: B1_FOV02_Z076_pr.tif
took 0.7214596271514893 seconds

Processing: B1_FOV02_Z058.tif
PROCESSED IMG SHAPE: (4, 2189, 2189)
Saved: B1_FOV02_Z058_pr.tif
took 0.7888278961181641 seconds

Processing: B1_FOV01_Z066.tif
PROCESSED IMG SHAPE: (4, 2189, 2189)
Saved: B1_FOV01_Z066_pr.tif
took 0.7511320114135742 seconds

Processing: B1_FOV02_Z095.tif
PROCESSED IMG SHAPE: (4, 2189, 2189)
Saved: B1_FOV02_Z095_pr.tif
took 0.7383184432983398 seconds

Processing: B1_FOV03_Z079.tif
PROCESSED IMG SHAPE: (4, 2189, 2189)
Saved: B1_FOV03_Z079_pr.tif
took 0.8370571136474609 seconds

Processing: B1_FOV00_Z087.tif
PROCESSED IMG SHAPE: (4, 2189, 2189)
Saved: B1_FOV00_Z087_pr.tif
took 0.7923848628997803 seconds

Processing: B1_FOV02_Z083.tif
PROCESSED IMG SHAPE: (4, 2189, 2189)
Saved: B1_FOV02_Z083_pr.tif
took 1.0765669345855713 seconds

Processing: B1_FOV02_Z064.tif
PROCESSED IMG SHAPE: (4, 2189, 2189)
Saved: B1_FOV02_Z064_pr.tif
took 0.7059829235076904 seconds

Processing: B1_FOV02_Z054.tif
PROCESSED IMG SHAPE: (4, 2189, 2189)
Saved: B1_FOV02_Z054_pr.tif
took 0.8019678592681885 seconds

Processing: B1_FOV03_Z069.tif
PROCESSED IMG SHAPE: (4, 2189, 2189)
Saved: B1_FOV03_Z069_pr.tif
took 0.6906123161315918 seconds

Processing: B1_FOV02_Z036.tif
PROCESSED IMG SHAPE: (4, 2189, 2189)
Saved: B1_FOV02_Z036_pr.tif
took 0.6860594749450684 seconds

Processing: B1_FOV03_Z002.tif
PROCESSED IMG SHAPE: (4, 2189, 2189)
Saved: B1_FOV03_Z002_pr.tif
took 0.8555254936218262 seconds

Processing: B1_FOV01_Z069.tif
PROCESSED IMG SHAPE: (4, 2189, 2189)
Saved: B1_FOV01_Z069_pr.tif
took 0.7621665000915527 seconds

Processing: B1_FOV02_Z089.tif
PROCESSED IMG SHAPE: (4, 2189, 2189)
Saved: B1_FOV02_Z089_pr.tif
took 0.7383387088775635 seconds

Processing: B1_FOV01_Z086.tif
PROCESSED IMG SHAPE: (4, 2189, 2189)
Saved: B1_FOV01_Z086_pr.tif
took 0.6732549667358398 seconds

Processing: B1_FOV02_Z008.tif
PROCESSED IMG SHAPE: (4, 2189, 2189)
Saved: B1_FOV02_Z008_pr.tif
took 0.6720337867736816 seconds

Processing: B1_FOV00_Z042.tif
PROCESSED IMG SHAPE: (4, 2189, 2189)
Saved: B1_FOV00_Z042_pr.tif
took 0.824678897857666 seconds

Processing: B1_FOV03_Z064.tif
PROCESSED IMG SHAPE: (4, 2189, 2189)
Saved: B1_FOV03_Z064_pr.tif
took 0.6989145278930664 seconds

Processing: B1_FOV01_Z048.tif
PROCESSED IMG SHAPE: (4, 2189, 2189)
Saved: B1_FOV01_Z048_pr.tif
took 0.71929931640625 seconds

Processing: B1_FOV01_Z005.tif
PROCESSED IMG SHAPE: (4, 2189, 2189)
Saved: B1_FOV01_Z005_pr.tif
took 0.8419501781463623 seconds

Processing: B1_FOV00_Z038.tif
PROCESSED IMG SHAPE: (4, 2189, 2189)
Saved: B1_FOV00_Z038_pr.tif
took 0.7080116271972656 seconds

Processing: B1_FOV00_Z084.tif
PROCESSED IMG SHAPE: (4, 2189, 2189)
Saved: B1_FOV00_Z084_pr.tif
took 0.7565500736236572 seconds

Processing: B1_FOV02_Z045.tif
PROCESSED IMG SHAPE: (4, 2189, 2189)
Saved: B1_FOV02_Z045_pr.tif
took 0.7998142242431641 seconds

Processing: B1_FOV01_Z037.tif
PROCESSED IMG SHAPE: (4, 2189, 2189)
Saved: B1_FOV01_Z037_pr.tif
took 0.8178441524505615 seconds

Processing: B1_FOV03_Z072.tif
PROCESSED IMG SHAPE: (4, 2189, 2189)
Saved: B1_FOV03_Z072_pr.tif
took 0.8120226860046387 seconds

Processing: B1_FOV00_Z091.tif
PROCESSED IMG SHAPE: (4, 2189, 2189)
Saved: B1_FOV00_Z091_pr.tif
took 0.7519595623016357 seconds

Processing: B1_FOV00_Z022.tif
PROCESSED IMG SHAPE: (4, 2189, 2189)
Saved: B1_FOV00_Z022_pr.tif
took 0.8445696830749512 seconds

Processing: B1_FOV00_Z092.tif
PROCESSED IMG SHAPE: (4, 2189, 2189)
Saved: B1_FOV00_Z092_pr.tif
took 0.7123439311981201 seconds

Processing: B1_FOV00_Z007.tif
PROCESSED IMG SHAPE: (4, 2189, 2189)
Saved: B1_FOV00_Z007_pr.tif
took 0.7488498687744141 seconds

Processing: B1_FOV03_Z044.tif
PROCESSED IMG SHAPE: (4, 2189, 2189)
Saved: B1_FOV03_Z044_pr.tif
took 0.7332172393798828 seconds

Processing: B1_FOV00_Z039.tif
PROCESSED IMG SHAPE: (4, 2189, 2189)
Saved: B1_FOV00_Z039_pr.tif
took 0.701746940612793 seconds

Processing: B1_FOV02_Z046.tif
PROCESSED IMG SHAPE: (4, 2189, 2189)
Saved: B1_FOV02_Z046_pr.tif
took 0.7536556720733643 seconds

Processing: B1_FOV00_Z096.tif
PROCESSED IMG SHAPE: (4, 2189, 2189)
Saved: B1_FOV00_Z096_pr.tif
took 0.7128376960754395 seconds

Processing: B1_FOV03_Z096.tif
PROCESSED IMG SHAPE: (4, 2189, 2189)
Saved: B1_FOV03_Z096_pr.tif
took 0.8065991401672363 seconds

Processing: B1_FOV00_Z011.tif
PROCESSED IMG SHAPE: (4, 2189, 2189)
Saved: B1_FOV00_Z011_pr.tif
took 0.7785298824310303 seconds

Processing: B1_FOV00_Z058.tif
PROCESSED IMG SHAPE: (4, 2189, 2189)
Saved: B1_FOV00_Z058_pr.tif
took 0.8021957874298096 seconds

Processing: B1_FOV02_Z039.tif
PROCESSED IMG SHAPE: (4, 2189, 2189)
Saved: B1_FOV02_Z039_pr.tif
took 0.7877383232116699 seconds

Processing: B1_FOV02_Z091.tif
PROCESSED IMG SHAPE: (4, 2189, 2189)
Saved: B1_FOV02_Z091_pr.tif
took 0.7254486083984375 seconds

Processing: B1_FOV02_Z053.tif
PROCESSED IMG SHAPE: (4, 2189, 2189)
Saved: B1_FOV02_Z053_pr.tif
took 0.7469696998596191 seconds

Processing: B1_FOV02_Z086.tif
PROCESSED IMG SHAPE: (4, 2189, 2189)
Saved: B1_FOV02_Z086_pr.tif
took 0.7196617126464844 seconds

Processing: B1_FOV01_Z021.tif
PROCESSED IMG SHAPE: (4, 2189, 2189)
Saved: B1_FOV01_Z021_pr.tif
took 0.7603225708007812 seconds

Processing: B1_FOV03_Z028.tif
PROCESSED IMG SHAPE: (4, 2189, 2189)
Saved: B1_FOV03_Z028_pr.tif
took 0.7497532367706299 seconds

Processing: B1_FOV00_Z021.tif
PROCESSED IMG SHAPE: (4, 2189, 2189)
Saved: B1_FOV00_Z021_pr.tif
took 0.7457926273345947 seconds

Processing: B1_FOV02_Z087.tif
PROCESSED IMG SHAPE: (4, 2189, 2189)
Saved: B1_FOV02_Z087_pr.tif
took 0.7625422477722168 seconds

Processing: B1_FOV01_Z051.tif
PROCESSED IMG SHAPE: (4, 2189, 2189)
Saved: B1_FOV01_Z051_pr.tif
took 0.8722105026245117 seconds

Processing: B1_FOV03_Z012.tif
PROCESSED IMG SHAPE: (4, 2189, 2189)
Saved: B1_FOV03_Z012_pr.tif
took 0.7376244068145752 seconds

Processing: B1_FOV02_Z098.tif
PROCESSED IMG SHAPE: (4, 2189, 2189)
Saved: B1_FOV02_Z098_pr.tif
took 0.6794354915618896 seconds

Processing: B1_FOV03_Z065.tif
PROCESSED IMG SHAPE: (4, 2189, 2189)
Saved: B1_FOV03_Z065_pr.tif
took 0.7588753700256348 seconds

Processing: B1_FOV03_Z050.tif
PROCESSED IMG SHAPE: (4, 2189, 2189)
Saved: B1_FOV03_Z050_pr.tif
took 0.7054102420806885 seconds

Processing: B1_FOV03_Z055.tif
PROCESSED IMG SHAPE: (4, 2189, 2189)
Saved: B1_FOV03_Z055_pr.tif
took 0.702070951461792 seconds

Processing: B1_FOV02_Z048.tif
PROCESSED IMG SHAPE: (4, 2189, 2189)
Saved: B1_FOV02_Z048_pr.tif
took 0.7335920333862305 seconds

Processing: B1_FOV02_Z037.tif
PROCESSED IMG SHAPE: (4, 2189, 2189)
Saved: B1_FOV02_Z037_pr.tif
took 0.7649490833282471 seconds

Processing: B1_FOV03_Z098.tif
PROCESSED IMG SHAPE: (4, 2189, 2189)
Saved: B1_FOV03_Z098_pr.tif
took 0.6898000240325928 seconds

Processing: B1_FOV02_Z043.tif
PROCESSED IMG SHAPE: (4, 2189, 2189)
Saved: B1_FOV02_Z043_pr.tif
took 0.6966755390167236 seconds

Processing: B1_FOV01_Z044.tif
PROCESSED IMG SHAPE: (4, 2189, 2189)
Saved: B1_FOV01_Z044_pr.tif
took 0.7035369873046875 seconds

Processing: B1_FOV00_Z063.tif
PROCESSED IMG SHAPE: (4, 2189, 2189)
Saved: B1_FOV00_Z063_pr.tif
took 0.7475597858428955 seconds

Processing: B1_FOV01_Z049.tif
PROCESSED IMG SHAPE: (4, 2189, 2189)
Saved: B1_FOV01_Z049_pr.tif
took 0.7604584693908691 seconds

Processing: B1_FOV03_Z038.tif
PROCESSED IMG SHAPE: (4, 2189, 2189)
Saved: B1_FOV03_Z038_pr.tif
took 0.7971789836883545 seconds

Processing: B1_FOV02_Z070.tif
PROCESSED IMG SHAPE: (4, 2189, 2189)
Saved: B1_FOV02_Z070_pr.tif
took 0.7410988807678223 seconds

Processing: B1_FOV02_Z027.tif
PROCESSED IMG SHAPE: (4, 2189, 2189)
Saved: B1_FOV02_Z027_pr.tif
took 0.8074538707733154 seconds

Processing: B1_FOV00_Z032.tif
PROCESSED IMG SHAPE: (4, 2189, 2189)
Saved: B1_FOV00_Z032_pr.tif
took 0.6974210739135742 seconds

Processing: B1_FOV00_Z030.tif
PROCESSED IMG SHAPE: (4, 2189, 2189)
Saved: B1_FOV00_Z030_pr.tif
took 0.7393701076507568 seconds

Processing: B1_FOV02_Z040.tif
PROCESSED IMG SHAPE: (4, 2189, 2189)
Saved: B1_FOV02_Z040_pr.tif
took 0.7172384262084961 seconds

Processing: B1_FOV03_Z088.tif
PROCESSED IMG SHAPE: (4, 2189, 2189)
Saved: B1_FOV03_Z088_pr.tif
took 0.7742233276367188 seconds

Processing: B1_FOV02_Z067.tif
PROCESSED IMG SHAPE: (4, 2189, 2189)
Saved: B1_FOV02_Z067_pr.tif
took 0.6857447624206543 seconds

Processing: B1_FOV02_Z088.tif
PROCESSED IMG SHAPE: (4, 2189, 2189)
Saved: B1_FOV02_Z088_pr.tif
took 0.6901082992553711 seconds

Processing: B1_FOV00_Z041.tif
PROCESSED IMG SHAPE: (4, 2189, 2189)
Saved: B1_FOV00_Z041_pr.tif
took 0.7510392665863037 seconds

Processing: B1_FOV00_Z052.tif
PROCESSED IMG SHAPE: (4, 2189, 2189)
Saved: B1_FOV00_Z052_pr.tif
took 0.7511889934539795 seconds

Processing: B1_FOV00_Z026.tif
PROCESSED IMG SHAPE: (4, 2189, 2189)
Saved: B1_FOV00_Z026_pr.tif
took 0.7066082954406738 seconds

Processing: B1_FOV01_Z082.tif
PROCESSED IMG SHAPE: (4, 2189, 2189)
Saved: B1_FOV01_Z082_pr.tif
took 0.681786298751831 seconds

Processing: B1_FOV01_Z074.tif
PROCESSED IMG SHAPE: (4, 2189, 2189)
Saved: B1_FOV01_Z074_pr.tif
took 0.7864935398101807 seconds

Processing: B1_FOV00_Z064.tif
PROCESSED IMG SHAPE: (4, 2189, 2189)
Saved: B1_FOV00_Z064_pr.tif
took 0.7149274349212646 seconds

Processing: B1_FOV01_Z062.tif
PROCESSED IMG SHAPE: (4, 2189, 2189)
Saved: B1_FOV01_Z062_pr.tif
took 0.6701052188873291 seconds

Processing: B1_FOV02_Z100.tif
PROCESSED IMG SHAPE: (4, 2189, 2189)
Saved: B1_FOV02_Z100_pr.tif
took 0.7994968891143799 seconds

Processing: B1_FOV00_Z001.tif
PROCESSED IMG SHAPE: (4, 2189, 2189)
Saved: B1_FOV00_Z001_pr.tif
took 0.7951960563659668 seconds

Processing: B1_FOV03_Z062.tif
PROCESSED IMG SHAPE: (4, 2189, 2189)
Saved: B1_FOV03_Z062_pr.tif
took 0.7502954006195068 seconds

Processing: B1_FOV01_Z028.tif
PROCESSED IMG SHAPE: (4, 2189, 2189)
Saved: B1_FOV01_Z028_pr.tif
took 0.6940512657165527 seconds

Processing: B1_FOV03_Z014.tif
PROCESSED IMG SHAPE: (4, 2189, 2189)
Saved: B1_FOV03_Z014_pr.tif
took 0.7430939674377441 seconds

Processing: B1_FOV01_Z014.tif
PROCESSED IMG SHAPE: (4, 2189, 2189)
Saved: B1_FOV01_Z014_pr.tif
took 0.6790392398834229 seconds

Processing: B1_FOV01_Z006.tif
PROCESSED IMG SHAPE: (4, 2189, 2189)
Saved: B1_FOV01_Z006_pr.tif
took 0.7460649013519287 seconds

Processing: B1_FOV01_Z020.tif
PROCESSED IMG SHAPE: (4, 2189, 2189)
Saved: B1_FOV01_Z020_pr.tif
took 0.7401957511901855 seconds

Processing: B1_FOV00_Z046.tif
PROCESSED IMG SHAPE: (4, 2189, 2189)
Saved: B1_FOV00_Z046_pr.tif
took 0.7154953479766846 seconds

Processing: B1_FOV00_Z012.tif
PROCESSED IMG SHAPE: (4, 2189, 2189)
Saved: B1_FOV00_Z012_pr.tif
took 0.7336056232452393 seconds

Processing: B1_FOV03_Z092.tif
PROCESSED IMG SHAPE: (4, 2189, 2189)
Saved: B1_FOV03_Z092_pr.tif
took 0.7087068557739258 seconds

Processing: B1_FOV02_Z075.tif
PROCESSED IMG SHAPE: (4, 2189, 2189)
Saved: B1_FOV02_Z075_pr.tif
took 0.8189136981964111 seconds

Processing: B1_FOV01_Z026.tif
PROCESSED IMG SHAPE: (4, 2189, 2189)
Saved: B1_FOV01_Z026_pr.tif
took 0.6966245174407959 seconds

Processing: B1_FOV00_Z074.tif
PROCESSED IMG SHAPE: (4, 2189, 2189)
Saved: B1_FOV00_Z074_pr.tif
took 0.8268883228302002 seconds

Processing: B1_FOV03_Z073.tif
PROCESSED IMG SHAPE: (4, 2189, 2189)
Saved: B1_FOV03_Z073_pr.tif
took 0.8057036399841309 seconds

Processing: B1_FOV01_Z054.tif
PROCESSED IMG SHAPE: (4, 2189, 2189)
Saved: B1_FOV01_Z054_pr.tif
took 0.67327880859375 seconds

Processing: B1_FOV00_Z078.tif
PROCESSED IMG SHAPE: (4, 2189, 2189)
Saved: B1_FOV00_Z078_pr.tif
took 0.6816987991333008 seconds

Processing: B1_FOV02_Z099.tif
PROCESSED IMG SHAPE: (4, 2189, 2189)
Saved: B1_FOV02_Z099_pr.tif
took 0.6810188293457031 seconds

Processing: B1_FOV01_Z011.tif
PROCESSED IMG SHAPE: (4, 2189, 2189)
Saved: B1_FOV01_Z011_pr.tif
took 0.7487726211547852 seconds

Processing complete! Saved images.
Preprocessing B1 took 303.852722 seconds
Found 404 matching img file(s)
Output directory: /jet/home/pwojcik/lm_lab_proj/preprocessed/B2_preprocessed

Processing: B2_FOV00_Z008.tif
PROCESSED IMG SHAPE: (4, 2189, 2189)
Saved: B2_FOV00_Z008_pr.tif
took 0.7842075824737549 seconds

Processing: B2_FOV01_Z057.tif
PROCESSED IMG SHAPE: (4, 2189, 2189)
Saved: B2_FOV01_Z057_pr.tif
took 0.7258577346801758 seconds

Processing: B2_FOV02_Z054.tif
PROCESSED IMG SHAPE: (4, 2189, 2189)
Saved: B2_FOV02_Z054_pr.tif
took 0.8973147869110107 seconds

Processing: B2_FOV02_Z036.tif
PROCESSED IMG SHAPE: (4, 2189, 2189)
Saved: B2_FOV02_Z036_pr.tif
took 0.781597375869751 seconds

Processing: B2_FOV00_Z074.tif
PROCESSED IMG SHAPE: (4, 2189, 2189)
Saved: B2_FOV00_Z074_pr.tif
took 0.7749769687652588 seconds

Processing: B2_FOV02_Z038.tif
PROCESSED IMG SHAPE: (4, 2189, 2189)
Saved: B2_FOV02_Z038_pr.tif
took 0.7008364200592041 seconds

Processing: B2_FOV00_Z081.tif
PROCESSED IMG SHAPE: (4, 2189, 2189)
Saved: B2_FOV00_Z081_pr.tif
took 0.716921329498291 seconds

Processing: B2_FOV02_Z099.tif
PROCESSED IMG SHAPE: (4, 2189, 2189)
Saved: B2_FOV02_Z099_pr.tif
took 0.6884603500366211 seconds

Processing: B2_FOV03_Z068.tif
PROCESSED IMG SHAPE: (4, 2189, 2189)
Saved: B2_FOV03_Z068_pr.tif
took 0.6940913200378418 seconds

Processing: B2_FOV00_Z067.tif
PROCESSED IMG SHAPE: (4, 2189, 2189)
Saved: B2_FOV00_Z067_pr.tif
took 0.9122574329376221 seconds

Processing: B2_FOV00_Z028.tif
PROCESSED IMG SHAPE: (4, 2189, 2189)
Saved: B2_FOV00_Z028_pr.tif
took 0.6982607841491699 seconds

Processing: B2_FOV02_Z052.tif
PROCESSED IMG SHAPE: (4, 2189, 2189)
Saved: B2_FOV02_Z052_pr.tif
took 0.7025997638702393 seconds

Processing: B2_FOV00_Z043.tif
PROCESSED IMG SHAPE: (4, 2189, 2189)
Saved: B2_FOV00_Z043_pr.tif
took 0.7390398979187012 seconds

Processing: B2_FOV02_Z008.tif
PROCESSED IMG SHAPE: (4, 2189, 2189)
Saved: B2_FOV02_Z008_pr.tif
took 0.7946491241455078 seconds

Processing: B2_FOV01_Z071.tif
PROCESSED IMG SHAPE: (4, 2189, 2189)
Saved: B2_FOV01_Z071_pr.tif
took 0.7371842861175537 seconds

Processing: B2_FOV02_Z019.tif
PROCESSED IMG SHAPE: (4, 2189, 2189)
Saved: B2_FOV02_Z019_pr.tif
took 0.7840344905853271 seconds

Processing: B2_FOV01_Z064.tif
PROCESSED IMG SHAPE: (4, 2189, 2189)
Saved: B2_FOV01_Z064_pr.tif
took 0.7212553024291992 seconds

Processing: B2_FOV01_Z084.tif
PROCESSED IMG SHAPE: (4, 2189, 2189)
Saved: B2_FOV01_Z084_pr.tif
took 0.7077450752258301 seconds

Processing: B2_FOV00_Z010.tif
PROCESSED IMG SHAPE: (4, 2189, 2189)
Saved: B2_FOV00_Z010_pr.tif
took 0.7618377208709717 seconds

Processing: B2_FOV02_Z090.tif
PROCESSED IMG SHAPE: (4, 2189, 2189)
Saved: B2_FOV02_Z090_pr.tif
took 0.6903576850891113 seconds

Processing: B2_FOV03_Z026.tif
PROCESSED IMG SHAPE: (4, 2189, 2189)
Saved: B2_FOV03_Z026_pr.tif
took 0.7888627052307129 seconds

Processing: B2_FOV00_Z005.tif
PROCESSED IMG SHAPE: (4, 2189, 2189)
Saved: B2_FOV00_Z005_pr.tif
took 0.7077376842498779 seconds

Processing: B2_FOV02_Z024.tif
PROCESSED IMG SHAPE: (4, 2189, 2189)
Saved: B2_FOV02_Z024_pr.tif
took 0.7025289535522461 seconds

Processing: B2_FOV00_Z094.tif
PROCESSED IMG SHAPE: (4, 2189, 2189)
Saved: B2_FOV00_Z094_pr.tif
took 0.8179254531860352 seconds

Processing: B2_FOV00_Z088.tif
PROCESSED IMG SHAPE: (4, 2189, 2189)
Saved: B2_FOV00_Z088_pr.tif
took 0.7654118537902832 seconds

Processing: B2_FOV03_Z051.tif
PROCESSED IMG SHAPE: (4, 2189, 2189)
Saved: B2_FOV03_Z051_pr.tif
took 0.7308986186981201 seconds

Processing: B2_FOV03_Z048.tif
PROCESSED IMG SHAPE: (4, 2189, 2189)
Saved: B2_FOV03_Z048_pr.tif
took 0.7328348159790039 seconds

Processing: B2_FOV00_Z078.tif
PROCESSED IMG SHAPE: (4, 2189, 2189)
Saved: B2_FOV00_Z078_pr.tif
took 0.6772589683532715 seconds

Processing: B2_FOV01_Z098.tif
PROCESSED IMG SHAPE: (4, 2189, 2189)
Saved: B2_FOV01_Z098_pr.tif
took 1.120621919631958 seconds

Processing: B2_FOV00_Z079.tif
PROCESSED IMG SHAPE: (4, 2189, 2189)
Saved: B2_FOV00_Z079_pr.tif
took 0.7163500785827637 seconds

Processing: B2_FOV02_Z042.tif
PROCESSED IMG SHAPE: (4, 2189, 2189)
Saved: B2_FOV02_Z042_pr.tif
took 0.7171640396118164 seconds

Processing: B2_FOV01_Z027.tif
PROCESSED IMG SHAPE: (4, 2189, 2189)
Saved: B2_FOV01_Z027_pr.tif
took 0.778085470199585 seconds

Processing: B2_FOV03_Z047.tif
PROCESSED IMG SHAPE: (4, 2189, 2189)
Saved: B2_FOV03_Z047_pr.tif
took 0.691706657409668 seconds

Processing: B2_FOV00_Z031.tif
PROCESSED IMG SHAPE: (4, 2189, 2189)
Saved: B2_FOV00_Z031_pr.tif
took 0.7582681179046631 seconds

Processing: B2_FOV00_Z006.tif
PROCESSED IMG SHAPE: (4, 2189, 2189)
Saved: B2_FOV00_Z006_pr.tif
took 0.7384369373321533 seconds

Processing: B2_FOV00_Z095.tif
PROCESSED IMG SHAPE: (4, 2189, 2189)
Saved: B2_FOV00_Z095_pr.tif
took 0.7178597450256348 seconds

Processing: B2_FOV00_Z055.tif
PROCESSED IMG SHAPE: (4, 2189, 2189)
Saved: B2_FOV00_Z055_pr.tif
took 0.7934982776641846 seconds

Processing: B2_FOV02_Z066.tif
PROCESSED IMG SHAPE: (4, 2189, 2189)
Saved: B2_FOV02_Z066_pr.tif
took 0.7607426643371582 seconds

Processing: B2_FOV00_Z084.tif
PROCESSED IMG SHAPE: (4, 2189, 2189)
Saved: B2_FOV00_Z084_pr.tif
took 1.1081974506378174 seconds

Processing: B2_FOV02_Z064.tif
PROCESSED IMG SHAPE: (4, 2189, 2189)
Saved: B2_FOV02_Z064_pr.tif
took 0.761704683303833 seconds

Processing: B2_FOV00_Z062.tif
PROCESSED IMG SHAPE: (4, 2189, 2189)
Saved: B2_FOV00_Z062_pr.tif
took 0.7370944023132324 seconds

Processing: B2_FOV02_Z092.tif
PROCESSED IMG SHAPE: (4, 2189, 2189)
Saved: B2_FOV02_Z092_pr.tif
took 0.710639476776123 seconds

Processing: B2_FOV00_Z069.tif
PROCESSED IMG SHAPE: (4, 2189, 2189)
Saved: B2_FOV00_Z069_pr.tif
took 0.7294168472290039 seconds

Processing: B2_FOV00_Z000.tif
PROCESSED IMG SHAPE: (4, 2189, 2189)
Saved: B2_FOV00_Z000_pr.tif
took 0.7598052024841309 seconds

Processing: B2_FOV01_Z030.tif
PROCESSED IMG SHAPE: (4, 2189, 2189)
Saved: B2_FOV01_Z030_pr.tif
took 0.716433048248291 seconds

Processing: B2_FOV01_Z039.tif
PROCESSED IMG SHAPE: (4, 2189, 2189)
Saved: B2_FOV01_Z039_pr.tif
took 0.8290936946868896 seconds

Processing: B2_FOV02_Z027.tif
PROCESSED IMG SHAPE: (4, 2189, 2189)
Saved: B2_FOV02_Z027_pr.tif
took 0.6593227386474609 seconds

Processing: B2_FOV02_Z046.tif
PROCESSED IMG SHAPE: (4, 2189, 2189)
Saved: B2_FOV02_Z046_pr.tif
took 0.811333417892456 seconds

Processing: B2_FOV00_Z100.tif
PROCESSED IMG SHAPE: (4, 2189, 2189)
Saved: B2_FOV00_Z100_pr.tif
took 0.7961680889129639 seconds

Processing: B2_FOV00_Z050.tif
PROCESSED IMG SHAPE: (4, 2189, 2189)
Saved: B2_FOV00_Z050_pr.tif
took 0.759429931640625 seconds

Processing: B2_FOV01_Z048.tif
PROCESSED IMG SHAPE: (4, 2189, 2189)
Saved: B2_FOV01_Z048_pr.tif
took 0.8001492023468018 seconds

Processing: B2_FOV03_Z009.tif
PROCESSED IMG SHAPE: (4, 2189, 2189)
Saved: B2_FOV03_Z009_pr.tif
took 0.6979930400848389 seconds

Processing: B2_FOV00_Z032.tif
PROCESSED IMG SHAPE: (4, 2189, 2189)
Saved: B2_FOV00_Z032_pr.tif
took 0.8494813442230225 seconds

Processing: B2_FOV01_Z049.tif
PROCESSED IMG SHAPE: (4, 2189, 2189)
Saved: B2_FOV01_Z049_pr.tif
took 0.856121301651001 seconds

Processing: B2_FOV03_Z057.tif
PROCESSED IMG SHAPE: (4, 2189, 2189)
Saved: B2_FOV03_Z057_pr.tif
took 0.7206478118896484 seconds

Processing: B2_FOV00_Z048.tif
PROCESSED IMG SHAPE: (4, 2189, 2189)
Saved: B2_FOV00_Z048_pr.tif
took 0.7560899257659912 seconds

Processing: B2_FOV01_Z035.tif
PROCESSED IMG SHAPE: (4, 2189, 2189)
Saved: B2_FOV01_Z035_pr.tif
took 0.7230491638183594 seconds

Processing: B2_FOV00_Z041.tif
PROCESSED IMG SHAPE: (4, 2189, 2189)
Saved: B2_FOV00_Z041_pr.tif
took 0.6965625286102295 seconds

Processing: B2_FOV03_Z093.tif
PROCESSED IMG SHAPE: (4, 2189, 2189)
Saved: B2_FOV03_Z093_pr.tif
took 0.8416252136230469 seconds

Processing: B2_FOV02_Z044.tif
PROCESSED IMG SHAPE: (4, 2189, 2189)
Saved: B2_FOV02_Z044_pr.tif
took 0.7829091548919678 seconds

Processing: B2_FOV02_Z003.tif
PROCESSED IMG SHAPE: (4, 2189, 2189)
Saved: B2_FOV02_Z003_pr.tif
took 0.7744712829589844 seconds

Processing: B2_FOV02_Z057.tif
PROCESSED IMG SHAPE: (4, 2189, 2189)
Saved: B2_FOV02_Z057_pr.tif
took 0.7962684631347656 seconds

Processing: B2_FOV03_Z096.tif
PROCESSED IMG SHAPE: (4, 2189, 2189)
Saved: B2_FOV03_Z096_pr.tif
took 0.752371072769165 seconds

Processing: B2_FOV00_Z034.tif
PROCESSED IMG SHAPE: (4, 2189, 2189)
Saved: B2_FOV00_Z034_pr.tif
took 0.7744791507720947 seconds

Processing: B2_FOV02_Z014.tif
PROCESSED IMG SHAPE: (4, 2189, 2189)
Saved: B2_FOV02_Z014_pr.tif
took 0.7274861335754395 seconds

Processing: B2_FOV00_Z066.tif
PROCESSED IMG SHAPE: (4, 2189, 2189)
Saved: B2_FOV00_Z066_pr.tif
took 0.7036592960357666 seconds

Processing: B2_FOV03_Z088.tif
PROCESSED IMG SHAPE: (4, 2189, 2189)
Saved: B2_FOV03_Z088_pr.tif
took 0.7336876392364502 seconds

Processing: B2_FOV00_Z022.tif
PROCESSED IMG SHAPE: (4, 2189, 2189)
Saved: B2_FOV00_Z022_pr.tif
took 0.6985304355621338 seconds

Processing: B2_FOV01_Z011.tif
PROCESSED IMG SHAPE: (4, 2189, 2189)
Saved: B2_FOV01_Z011_pr.tif
took 0.7406365871429443 seconds

Processing: B2_FOV01_Z001.tif
PROCESSED IMG SHAPE: (4, 2189, 2189)
Saved: B2_FOV01_Z001_pr.tif
took 0.7461602687835693 seconds

Processing: B2_FOV00_Z051.tif
PROCESSED IMG SHAPE: (4, 2189, 2189)
Saved: B2_FOV00_Z051_pr.tif
took 0.821718692779541 seconds

Processing: B2_FOV03_Z022.tif
PROCESSED IMG SHAPE: (4, 2189, 2189)
Saved: B2_FOV03_Z022_pr.tif
took 0.7077069282531738 seconds

Processing: B2_FOV02_Z029.tif
PROCESSED IMG SHAPE: (4, 2189, 2189)
Saved: B2_FOV02_Z029_pr.tif
took 0.7443437576293945 seconds

Processing: B2_FOV01_Z090.tif
PROCESSED IMG SHAPE: (4, 2189, 2189)
Saved: B2_FOV01_Z090_pr.tif
took 0.7810156345367432 seconds

Processing: B2_FOV01_Z066.tif
PROCESSED IMG SHAPE: (4, 2189, 2189)
Saved: B2_FOV01_Z066_pr.tif
took 0.8679845333099365 seconds

Processing: B2_FOV03_Z072.tif
PROCESSED IMG SHAPE: (4, 2189, 2189)
Saved: B2_FOV03_Z072_pr.tif
took 0.7343497276306152 seconds

Processing: B2_FOV00_Z093.tif
PROCESSED IMG SHAPE: (4, 2189, 2189)
Saved: B2_FOV00_Z093_pr.tif
took 0.8047211170196533 seconds

Processing: B2_FOV02_Z061.tif
PROCESSED IMG SHAPE: (4, 2189, 2189)
Saved: B2_FOV02_Z061_pr.tif
took 0.7548229694366455 seconds

Processing: B2_FOV02_Z071.tif
PROCESSED IMG SHAPE: (4, 2189, 2189)
Saved: B2_FOV02_Z071_pr.tif
took 0.8313131332397461 seconds

Processing: B2_FOV00_Z017.tif
PROCESSED IMG SHAPE: (4, 2189, 2189)
Saved: B2_FOV00_Z017_pr.tif
took 0.7179384231567383 seconds

Processing: B2_FOV00_Z044.tif
PROCESSED IMG SHAPE: (4, 2189, 2189)
Saved: B2_FOV00_Z044_pr.tif
took 0.709608793258667 seconds

Processing: B2_FOV03_Z076.tif
PROCESSED IMG SHAPE: (4, 2189, 2189)
Saved: B2_FOV03_Z076_pr.tif
took 0.7607471942901611 seconds

Processing: B2_FOV02_Z059.tif
PROCESSED IMG SHAPE: (4, 2189, 2189)
Saved: B2_FOV02_Z059_pr.tif
took 0.7704775333404541 seconds

Processing: B2_FOV01_Z041.tif
PROCESSED IMG SHAPE: (4, 2189, 2189)
Saved: B2_FOV01_Z041_pr.tif
took 0.8359558582305908 seconds

Processing: B2_FOV02_Z035.tif
PROCESSED IMG SHAPE: (4, 2189, 2189)
Saved: B2_FOV02_Z035_pr.tif
took 0.8272819519042969 seconds

Processing: B2_FOV00_Z077.tif
PROCESSED IMG SHAPE: (4, 2189, 2189)
Saved: B2_FOV00_Z077_pr.tif
took 0.7065999507904053 seconds

Processing: B2_FOV02_Z000.tif
PROCESSED IMG SHAPE: (4, 2189, 2189)
Saved: B2_FOV02_Z000_pr.tif
took 0.6972193717956543 seconds

Processing: B2_FOV00_Z068.tif
PROCESSED IMG SHAPE: (4, 2189, 2189)
Saved: B2_FOV00_Z068_pr.tif
took 0.7088637351989746 seconds

Processing: B2_FOV00_Z045.tif
PROCESSED IMG SHAPE: (4, 2189, 2189)
Saved: B2_FOV00_Z045_pr.tif
took 0.6913104057312012 seconds

Processing: B2_FOV01_Z018.tif
PROCESSED IMG SHAPE: (4, 2189, 2189)
Saved: B2_FOV01_Z018_pr.tif
took 0.7335703372955322 seconds

Processing: B2_FOV01_Z088.tif
PROCESSED IMG SHAPE: (4, 2189, 2189)
Saved: B2_FOV01_Z088_pr.tif
took 0.7088139057159424 seconds

Processing: B2_FOV01_Z054.tif
PROCESSED IMG SHAPE: (4, 2189, 2189)
Saved: B2_FOV01_Z054_pr.tif
took 0.7726900577545166 seconds

Processing: B2_FOV00_Z063.tif
PROCESSED IMG SHAPE: (4, 2189, 2189)
Saved: B2_FOV00_Z063_pr.tif
took 0.8372128009796143 seconds

Processing: B2_FOV03_Z052.tif
PROCESSED IMG SHAPE: (4, 2189, 2189)
Saved: B2_FOV03_Z052_pr.tif
took 0.7781901359558105 seconds

Processing: B2_FOV01_Z096.tif
PROCESSED IMG SHAPE: (4, 2189, 2189)
Saved: B2_FOV01_Z096_pr.tif
took 0.7058062553405762 seconds

Processing: B2_FOV01_Z025.tif
PROCESSED IMG SHAPE: (4, 2189, 2189)
Saved: B2_FOV01_Z025_pr.tif
took 0.755143404006958 seconds

Processing: B2_FOV01_Z050.tif
PROCESSED IMG SHAPE: (4, 2189, 2189)
Saved: B2_FOV01_Z050_pr.tif
took 0.7744104862213135 seconds

Processing: B2_FOV03_Z065.tif
PROCESSED IMG SHAPE: (4, 2189, 2189)
Saved: B2_FOV03_Z065_pr.tif
took 0.7845249176025391 seconds

Processing: B2_FOV02_Z051.tif
PROCESSED IMG SHAPE: (4, 2189, 2189)
Saved: B2_FOV02_Z051_pr.tif
took 0.7683677673339844 seconds

Processing: B2_FOV02_Z006.tif
PROCESSED IMG SHAPE: (4, 2189, 2189)
Saved: B2_FOV02_Z006_pr.tif
took 0.8096842765808105 seconds

Processing: B2_FOV03_Z091.tif
PROCESSED IMG SHAPE: (4, 2189, 2189)
Saved: B2_FOV03_Z091_pr.tif
took 0.6850278377532959 seconds

Processing: B2_FOV00_Z096.tif
PROCESSED IMG SHAPE: (4, 2189, 2189)
Saved: B2_FOV00_Z096_pr.tif
took 0.7789232730865479 seconds

Processing: B2_FOV01_Z067.tif
PROCESSED IMG SHAPE: (4, 2189, 2189)
Saved: B2_FOV01_Z067_pr.tif
took 0.7008628845214844 seconds

Processing: B2_FOV00_Z053.tif
PROCESSED IMG SHAPE: (4, 2189, 2189)
Saved: B2_FOV00_Z053_pr.tif
took 0.7424321174621582 seconds

Processing: B2_FOV00_Z057.tif
PROCESSED IMG SHAPE: (4, 2189, 2189)
Saved: B2_FOV00_Z057_pr.tif
took 0.7844078540802002 seconds

Processing: B2_FOV02_Z065.tif
PROCESSED IMG SHAPE: (4, 2189, 2189)
Saved: B2_FOV02_Z065_pr.tif
took 0.8890509605407715 seconds

Processing: B2_FOV00_Z019.tif
PROCESSED IMG SHAPE: (4, 2189, 2189)
Saved: B2_FOV00_Z019_pr.tif
took 0.72709059715271 seconds

Processing: B2_FOV03_Z053.tif
PROCESSED IMG SHAPE: (4, 2189, 2189)
Saved: B2_FOV03_Z053_pr.tif
took 0.69431471824646 seconds

Processing: B2_FOV00_Z037.tif
PROCESSED IMG SHAPE: (4, 2189, 2189)
Saved: B2_FOV00_Z037_pr.tif
took 0.7296159267425537 seconds

Processing: B2_FOV01_Z034.tif
PROCESSED IMG SHAPE: (4, 2189, 2189)
Saved: B2_FOV01_Z034_pr.tif
took 0.7930223941802979 seconds

Processing: B2_FOV03_Z099.tif
PROCESSED IMG SHAPE: (4, 2189, 2189)
Saved: B2_FOV03_Z099_pr.tif
took 0.7217237949371338 seconds

Processing: B2_FOV00_Z061.tif
PROCESSED IMG SHAPE: (4, 2189, 2189)
Saved: B2_FOV00_Z061_pr.tif
took 0.7189161777496338 seconds

Processing: B2_FOV02_Z095.tif
PROCESSED IMG SHAPE: (4, 2189, 2189)
Saved: B2_FOV02_Z095_pr.tif
took 0.7487685680389404 seconds

Processing: B2_FOV02_Z048.tif
PROCESSED IMG SHAPE: (4, 2189, 2189)
Saved: B2_FOV02_Z048_pr.tif
took 0.8130490779876709 seconds

Processing: B2_FOV03_Z077.tif
PROCESSED IMG SHAPE: (4, 2189, 2189)
Saved: B2_FOV03_Z077_pr.tif
took 0.712393045425415 seconds

Processing: B2_FOV03_Z095.tif
PROCESSED IMG SHAPE: (4, 2189, 2189)
Saved: B2_FOV03_Z095_pr.tif
took 0.7439169883728027 seconds

Processing: B2_FOV00_Z082.tif
PROCESSED IMG SHAPE: (4, 2189, 2189)
Saved: B2_FOV00_Z082_pr.tif
took 0.7752094268798828 seconds

Processing: B2_FOV00_Z033.tif
PROCESSED IMG SHAPE: (4, 2189, 2189)
Saved: B2_FOV00_Z033_pr.tif
took 0.9791193008422852 seconds

Processing: B2_FOV00_Z018.tif
PROCESSED IMG SHAPE: (4, 2189, 2189)
Saved: B2_FOV00_Z018_pr.tif
took 0.7495474815368652 seconds

Processing: B2_FOV01_Z020.tif
PROCESSED IMG SHAPE: (4, 2189, 2189)
Saved: B2_FOV01_Z020_pr.tif
took 0.7397415637969971 seconds

Processing: B2_FOV01_Z026.tif
PROCESSED IMG SHAPE: (4, 2189, 2189)
Saved: B2_FOV01_Z026_pr.tif
took 0.8134617805480957 seconds

Processing: B2_FOV03_Z033.tif
PROCESSED IMG SHAPE: (4, 2189, 2189)
Saved: B2_FOV03_Z033_pr.tif
took 0.7942864894866943 seconds

Processing: B2_FOV01_Z016.tif
PROCESSED IMG SHAPE: (4, 2189, 2189)
Saved: B2_FOV01_Z016_pr.tif
took 0.9324636459350586 seconds

Processing: B2_FOV03_Z037.tif
PROCESSED IMG SHAPE: (4, 2189, 2189)
Saved: B2_FOV03_Z037_pr.tif
took 0.7279844284057617 seconds

Processing: B2_FOV02_Z025.tif
PROCESSED IMG SHAPE: (4, 2189, 2189)
Saved: B2_FOV02_Z025_pr.tif
took 0.6686949729919434 seconds

Processing: B2_FOV00_Z011.tif
PROCESSED IMG SHAPE: (4, 2189, 2189)
Saved: B2_FOV00_Z011_pr.tif
took 0.8191604614257812 seconds

Processing: B2_FOV00_Z087.tif
PROCESSED IMG SHAPE: (4, 2189, 2189)
Saved: B2_FOV00_Z087_pr.tif
took 0.7933371067047119 seconds

Processing: B2_FOV03_Z059.tif
PROCESSED IMG SHAPE: (4, 2189, 2189)
Saved: B2_FOV03_Z059_pr.tif
took 0.7452054023742676 seconds

Processing: B2_FOV03_Z067.tif
PROCESSED IMG SHAPE: (4, 2189, 2189)
Saved: B2_FOV03_Z067_pr.tif
took 0.6934053897857666 seconds

Processing: B2_FOV02_Z030.tif
PROCESSED IMG SHAPE: (4, 2189, 2189)
Saved: B2_FOV02_Z030_pr.tif
took 0.7796111106872559 seconds

Processing: B2_FOV03_Z055.tif
PROCESSED IMG SHAPE: (4, 2189, 2189)
Saved: B2_FOV03_Z055_pr.tif
took 0.7642741203308105 seconds

Processing: B2_FOV02_Z083.tif
PROCESSED IMG SHAPE: (4, 2189, 2189)
Saved: B2_FOV02_Z083_pr.tif
took 0.7319948673248291 seconds

Processing: B2_FOV00_Z089.tif
PROCESSED IMG SHAPE: (4, 2189, 2189)
Saved: B2_FOV00_Z089_pr.tif
took 0.7650089263916016 seconds

Processing: B2_FOV02_Z007.tif
PROCESSED IMG SHAPE: (4, 2189, 2189)
Saved: B2_FOV02_Z007_pr.tif
took 0.7162280082702637 seconds

Processing: B2_FOV02_Z021.tif
PROCESSED IMG SHAPE: (4, 2189, 2189)
Saved: B2_FOV02_Z021_pr.tif
took 0.7247908115386963 seconds

Processing: B2_FOV01_Z075.tif
PROCESSED IMG SHAPE: (4, 2189, 2189)
Saved: B2_FOV01_Z075_pr.tif
took 0.7216260433197021 seconds

Processing: B2_FOV03_Z089.tif
PROCESSED IMG SHAPE: (4, 2189, 2189)
Saved: B2_FOV03_Z089_pr.tif
took 0.8549697399139404 seconds

Processing: B2_FOV01_Z093.tif
PROCESSED IMG SHAPE: (4, 2189, 2189)
Saved: B2_FOV01_Z093_pr.tif
took 0.747183084487915 seconds

Processing: B2_FOV02_Z033.tif
PROCESSED IMG SHAPE: (4, 2189, 2189)
Saved: B2_FOV02_Z033_pr.tif
took 0.7310233116149902 seconds

Processing: B2_FOV03_Z075.tif
PROCESSED IMG SHAPE: (4, 2189, 2189)
Saved: B2_FOV03_Z075_pr.tif
took 0.8479442596435547 seconds

Processing: B2_FOV02_Z009.tif
PROCESSED IMG SHAPE: (4, 2189, 2189)
Saved: B2_FOV02_Z009_pr.tif
took 0.7162413597106934 seconds

Processing: B2_FOV00_Z035.tif
PROCESSED IMG SHAPE: (4, 2189, 2189)
Saved: B2_FOV00_Z035_pr.tif
took 0.7550897598266602 seconds

Processing: B2_FOV01_Z007.tif
PROCESSED IMG SHAPE: (4, 2189, 2189)
Saved: B2_FOV01_Z007_pr.tif
took 0.9030625820159912 seconds

Processing: B2_FOV03_Z054.tif
PROCESSED IMG SHAPE: (4, 2189, 2189)
Saved: B2_FOV03_Z054_pr.tif
took 0.9020144939422607 seconds

Processing: B2_FOV01_Z029.tif
PROCESSED IMG SHAPE: (4, 2189, 2189)
Saved: B2_FOV01_Z029_pr.tif
took 0.7517907619476318 seconds

Processing: B2_FOV03_Z027.tif
PROCESSED IMG SHAPE: (4, 2189, 2189)
Saved: B2_FOV03_Z027_pr.tif
took 0.802767276763916 seconds

Processing: B2_FOV00_Z099.tif
PROCESSED IMG SHAPE: (4, 2189, 2189)
Saved: B2_FOV00_Z099_pr.tif
took 0.6878097057342529 seconds

Processing: B2_FOV03_Z083.tif
PROCESSED IMG SHAPE: (4, 2189, 2189)
Saved: B2_FOV03_Z083_pr.tif
took 0.9915883541107178 seconds

Processing: B2_FOV01_Z032.tif
PROCESSED IMG SHAPE: (4, 2189, 2189)
Saved: B2_FOV01_Z032_pr.tif
took 0.8292865753173828 seconds

Processing: B2_FOV01_Z023.tif
PROCESSED IMG SHAPE: (4, 2189, 2189)
Saved: B2_FOV01_Z023_pr.tif
took 0.8116300106048584 seconds

Processing: B2_FOV03_Z069.tif
PROCESSED IMG SHAPE: (4, 2189, 2189)
Saved: B2_FOV03_Z069_pr.tif
took 0.7118513584136963 seconds

Processing: B2_FOV03_Z098.tif
PROCESSED IMG SHAPE: (4, 2189, 2189)
Saved: B2_FOV03_Z098_pr.tif
took 0.7535803318023682 seconds

Processing: B2_FOV02_Z078.tif
PROCESSED IMG SHAPE: (4, 2189, 2189)
Saved: B2_FOV02_Z078_pr.tif
took 0.7161202430725098 seconds

Processing: B2_FOV01_Z086.tif
PROCESSED IMG SHAPE: (4, 2189, 2189)
Saved: B2_FOV01_Z086_pr.tif
took 0.7666027545928955 seconds

Processing: B2_FOV01_Z079.tif
PROCESSED IMG SHAPE: (4, 2189, 2189)
Saved: B2_FOV01_Z079_pr.tif
took 0.7453105449676514 seconds

Processing: B2_FOV03_Z024.tif
PROCESSED IMG SHAPE: (4, 2189, 2189)
Saved: B2_FOV03_Z024_pr.tif
took 0.7951545715332031 seconds

Processing: B2_FOV00_Z056.tif
PROCESSED IMG SHAPE: (4, 2189, 2189)
Saved: B2_FOV00_Z056_pr.tif
took 0.6800651550292969 seconds

Processing: B2_FOV02_Z082.tif
PROCESSED IMG SHAPE: (4, 2189, 2189)
Saved: B2_FOV02_Z082_pr.tif
took 0.8285579681396484 seconds

Processing: B2_FOV02_Z047.tif
PROCESSED IMG SHAPE: (4, 2189, 2189)
Saved: B2_FOV02_Z047_pr.tif
took 0.7712244987487793 seconds

Processing: B2_FOV02_Z087.tif
PROCESSED IMG SHAPE: (4, 2189, 2189)
Saved: B2_FOV02_Z087_pr.tif
took 0.8195862770080566 seconds

Processing: B2_FOV03_Z041.tif
PROCESSED IMG SHAPE: (4, 2189, 2189)
Saved: B2_FOV03_Z041_pr.tif
took 0.7459280490875244 seconds

Processing: B2_FOV02_Z005.tif
PROCESSED IMG SHAPE: (4, 2189, 2189)
Saved: B2_FOV02_Z005_pr.tif
took 0.7362246513366699 seconds

Processing: B2_FOV01_Z010.tif
PROCESSED IMG SHAPE: (4, 2189, 2189)
Saved: B2_FOV01_Z010_pr.tif
took 0.7538967132568359 seconds

Processing: B2_FOV03_Z080.tif
PROCESSED IMG SHAPE: (4, 2189, 2189)
Saved: B2_FOV03_Z080_pr.tif
took 0.7249248027801514 seconds

Processing: B2_FOV00_Z012.tif
PROCESSED IMG SHAPE: (4, 2189, 2189)
Saved: B2_FOV00_Z012_pr.tif
took 0.7328784465789795 seconds

Processing: B2_FOV01_Z062.tif
PROCESSED IMG SHAPE: (4, 2189, 2189)
Saved: B2_FOV01_Z062_pr.tif
took 0.7015037536621094 seconds

Processing: B2_FOV01_Z033.tif
PROCESSED IMG SHAPE: (4, 2189, 2189)
Saved: B2_FOV01_Z033_pr.tif
took 0.7357282638549805 seconds

Processing: B2_FOV01_Z021.tif
PROCESSED IMG SHAPE: (4, 2189, 2189)
Saved: B2_FOV01_Z021_pr.tif
took 0.6980440616607666 seconds

Processing: B2_FOV03_Z090.tif
PROCESSED IMG SHAPE: (4, 2189, 2189)
Saved: B2_FOV03_Z090_pr.tif
took 0.7168400287628174 seconds

Processing: B2_FOV01_Z046.tif
PROCESSED IMG SHAPE: (4, 2189, 2189)
Saved: B2_FOV01_Z046_pr.tif
took 0.6966702938079834 seconds

Processing: B2_FOV01_Z077.tif
PROCESSED IMG SHAPE: (4, 2189, 2189)
Saved: B2_FOV01_Z077_pr.tif
took 0.759493350982666 seconds

Processing: B2_FOV03_Z046.tif
PROCESSED IMG SHAPE: (4, 2189, 2189)
Saved: B2_FOV03_Z046_pr.tif
took 0.7654290199279785 seconds

Processing: B2_FOV02_Z045.tif
PROCESSED IMG SHAPE: (4, 2189, 2189)
Saved: B2_FOV02_Z045_pr.tif
took 0.6957871913909912 seconds

Processing: B2_FOV02_Z079.tif
PROCESSED IMG SHAPE: (4, 2189, 2189)
Saved: B2_FOV02_Z079_pr.tif
took 0.7320289611816406 seconds

Processing: B2_FOV02_Z070.tif
PROCESSED IMG SHAPE: (4, 2189, 2189)
Saved: B2_FOV02_Z070_pr.tif
took 0.7886323928833008 seconds

Processing: B2_FOV03_Z018.tif
PROCESSED IMG SHAPE: (4, 2189, 2189)
Saved: B2_FOV03_Z018_pr.tif
took 0.7824802398681641 seconds

Processing: B2_FOV00_Z024.tif
PROCESSED IMG SHAPE: (4, 2189, 2189)
Saved: B2_FOV00_Z024_pr.tif
took 0.7399332523345947 seconds

Processing: B2_FOV03_Z001.tif
PROCESSED IMG SHAPE: (4, 2189, 2189)
Saved: B2_FOV03_Z001_pr.tif
took 0.8079891204833984 seconds

Processing: B2_FOV01_Z058.tif
PROCESSED IMG SHAPE: (4, 2189, 2189)
Saved: B2_FOV01_Z058_pr.tif
took 0.7809844017028809 seconds

Processing: B2_FOV01_Z097.tif
PROCESSED IMG SHAPE: (4, 2189, 2189)
Saved: B2_FOV01_Z097_pr.tif
took 0.8229939937591553 seconds

Processing: B2_FOV01_Z038.tif
PROCESSED IMG SHAPE: (4, 2189, 2189)
Saved: B2_FOV01_Z038_pr.tif
took 0.7083277702331543 seconds

Processing: B2_FOV03_Z081.tif
PROCESSED IMG SHAPE: (4, 2189, 2189)
Saved: B2_FOV03_Z081_pr.tif
took 0.7017498016357422 seconds

Processing: B2_FOV01_Z022.tif
PROCESSED IMG SHAPE: (4, 2189, 2189)
Saved: B2_FOV01_Z022_pr.tif
took 0.8036935329437256 seconds

Processing: B2_FOV02_Z037.tif
PROCESSED IMG SHAPE: (4, 2189, 2189)
Saved: B2_FOV02_Z037_pr.tif
took 0.7400293350219727 seconds

Processing: B2_FOV02_Z055.tif
PROCESSED IMG SHAPE: (4, 2189, 2189)
Saved: B2_FOV02_Z055_pr.tif
took 0.9075443744659424 seconds

Processing: B2_FOV01_Z089.tif
PROCESSED IMG SHAPE: (4, 2189, 2189)
Saved: B2_FOV01_Z089_pr.tif
took 0.763500452041626 seconds

Processing: B2_FOV01_Z063.tif
PROCESSED IMG SHAPE: (4, 2189, 2189)
Saved: B2_FOV01_Z063_pr.tif
took 0.7338933944702148 seconds

Processing: B2_FOV03_Z020.tif
PROCESSED IMG SHAPE: (4, 2189, 2189)
Saved: B2_FOV03_Z020_pr.tif
took 0.6869051456451416 seconds

Processing: B2_FOV03_Z032.tif
PROCESSED IMG SHAPE: (4, 2189, 2189)
Saved: B2_FOV03_Z032_pr.tif
took 0.7618758678436279 seconds

Processing: B2_FOV02_Z080.tif
PROCESSED IMG SHAPE: (4, 2189, 2189)
Saved: B2_FOV02_Z080_pr.tif
took 0.7671549320220947 seconds

Processing: B2_FOV01_Z068.tif
PROCESSED IMG SHAPE: (4, 2189, 2189)
Saved: B2_FOV01_Z068_pr.tif
took 0.7915191650390625 seconds

Processing: B2_FOV02_Z076.tif
PROCESSED IMG SHAPE: (4, 2189, 2189)
Saved: B2_FOV02_Z076_pr.tif
took 0.6819443702697754 seconds

Processing: B2_FOV02_Z039.tif
PROCESSED IMG SHAPE: (4, 2189, 2189)
Saved: B2_FOV02_Z039_pr.tif
took 0.7748348712921143 seconds

Processing: B2_FOV01_Z005.tif
PROCESSED IMG SHAPE: (4, 2189, 2189)
Saved: B2_FOV01_Z005_pr.tif
took 0.7340357303619385 seconds

Processing: B2_FOV03_Z045.tif
PROCESSED IMG SHAPE: (4, 2189, 2189)
Saved: B2_FOV03_Z045_pr.tif
took 0.6944282054901123 seconds

Processing: B2_FOV01_Z092.tif
PROCESSED IMG SHAPE: (4, 2189, 2189)
Saved: B2_FOV01_Z092_pr.tif
took 2.951777219772339 seconds

Processing: B2_FOV00_Z009.tif
PROCESSED IMG SHAPE: (4, 2189, 2189)
Saved: B2_FOV00_Z009_pr.tif
took 0.783916711807251 seconds

Processing: B2_FOV01_Z055.tif
PROCESSED IMG SHAPE: (4, 2189, 2189)
Saved: B2_FOV01_Z055_pr.tif
took 0.794081449508667 seconds

Processing: B2_FOV02_Z081.tif
PROCESSED IMG SHAPE: (4, 2189, 2189)
Saved: B2_FOV02_Z081_pr.tif
took 0.7389838695526123 seconds

Processing: B2_FOV00_Z092.tif
PROCESSED IMG SHAPE: (4, 2189, 2189)
Saved: B2_FOV00_Z092_pr.tif
took 0.732342004776001 seconds

Processing: B2_FOV02_Z089.tif
PROCESSED IMG SHAPE: (4, 2189, 2189)
Saved: B2_FOV02_Z089_pr.tif
took 0.726531982421875 seconds

Processing: B2_FOV03_Z079.tif
PROCESSED IMG SHAPE: (4, 2189, 2189)
Saved: B2_FOV03_Z079_pr.tif
took 0.7431485652923584 seconds

Processing: B2_FOV02_Z072.tif
PROCESSED IMG SHAPE: (4, 2189, 2189)
Saved: B2_FOV02_Z072_pr.tif
took 0.7597153186798096 seconds

Processing: B2_FOV01_Z073.tif
PROCESSED IMG SHAPE: (4, 2189, 2189)
Saved: B2_FOV01_Z073_pr.tif
took 0.9398086071014404 seconds

Processing: B2_FOV01_Z003.tif
PROCESSED IMG SHAPE: (4, 2189, 2189)
Saved: B2_FOV01_Z003_pr.tif
took 0.6856284141540527 seconds

Processing: B2_FOV03_Z058.tif
PROCESSED IMG SHAPE: (4, 2189, 2189)
Saved: B2_FOV03_Z058_pr.tif
took 0.730064868927002 seconds

Processing: B2_FOV00_Z090.tif
PROCESSED IMG SHAPE: (4, 2189, 2189)
Saved: B2_FOV00_Z090_pr.tif
took 0.7332284450531006 seconds

Processing: B2_FOV02_Z023.tif
PROCESSED IMG SHAPE: (4, 2189, 2189)
Saved: B2_FOV02_Z023_pr.tif
took 0.7631433010101318 seconds

Processing: B2_FOV00_Z004.tif
PROCESSED IMG SHAPE: (4, 2189, 2189)
Saved: B2_FOV00_Z004_pr.tif
took 0.8092458248138428 seconds

Processing: B2_FOV02_Z074.tif
PROCESSED IMG SHAPE: (4, 2189, 2189)
Saved: B2_FOV02_Z074_pr.tif
took 0.7425768375396729 seconds

Processing: B2_FOV03_Z004.tif
PROCESSED IMG SHAPE: (4, 2189, 2189)
Saved: B2_FOV03_Z004_pr.tif
took 0.7924354076385498 seconds

Processing: B2_FOV03_Z014.tif
PROCESSED IMG SHAPE: (4, 2189, 2189)
Saved: B2_FOV03_Z014_pr.tif
took 0.7650003433227539 seconds

Processing: B2_FOV03_Z038.tif
PROCESSED IMG SHAPE: (4, 2189, 2189)
Saved: B2_FOV03_Z038_pr.tif
took 0.8017125129699707 seconds

Processing: B2_FOV03_Z040.tif
PROCESSED IMG SHAPE: (4, 2189, 2189)
Saved: B2_FOV03_Z040_pr.tif
took 0.7424173355102539 seconds

Processing: B2_FOV01_Z078.tif
PROCESSED IMG SHAPE: (4, 2189, 2189)
Saved: B2_FOV01_Z078_pr.tif
took 0.7266371250152588 seconds

Processing: B2_FOV02_Z053.tif
PROCESSED IMG SHAPE: (4, 2189, 2189)
Saved: B2_FOV02_Z053_pr.tif
took 0.8128173351287842 seconds

Processing: B2_FOV00_Z065.tif
PROCESSED IMG SHAPE: (4, 2189, 2189)
Saved: B2_FOV00_Z065_pr.tif
took 0.8025281429290771 seconds

Processing: B2_FOV02_Z096.tif
PROCESSED IMG SHAPE: (4, 2189, 2189)
Saved: B2_FOV02_Z096_pr.tif
took 0.7475898265838623 seconds

Processing: B2_FOV00_Z007.tif
PROCESSED IMG SHAPE: (4, 2189, 2189)
Saved: B2_FOV00_Z007_pr.tif
took 0.7226722240447998 seconds

Processing: B2_FOV00_Z052.tif
PROCESSED IMG SHAPE: (4, 2189, 2189)
Saved: B2_FOV00_Z052_pr.tif
took 0.7071607112884521 seconds

Processing: B2_FOV00_Z040.tif
PROCESSED IMG SHAPE: (4, 2189, 2189)
Saved: B2_FOV00_Z040_pr.tif
took 0.6722261905670166 seconds

Processing: B2_FOV00_Z047.tif
PROCESSED IMG SHAPE: (4, 2189, 2189)
Saved: B2_FOV00_Z047_pr.tif
took 0.7146177291870117 seconds

Processing: B2_FOV03_Z013.tif
PROCESSED IMG SHAPE: (4, 2189, 2189)
Saved: B2_FOV03_Z013_pr.tif
took 0.714299201965332 seconds

Processing: B2_FOV02_Z098.tif
PROCESSED IMG SHAPE: (4, 2189, 2189)
Saved: B2_FOV02_Z098_pr.tif
took 0.7944638729095459 seconds

Processing: B2_FOV02_Z050.tif
PROCESSED IMG SHAPE: (4, 2189, 2189)
Saved: B2_FOV02_Z050_pr.tif
took 0.7444465160369873 seconds

Processing: B2_FOV02_Z100.tif
PROCESSED IMG SHAPE: (4, 2189, 2189)
Saved: B2_FOV02_Z100_pr.tif
took 0.7122523784637451 seconds

Processing: B2_FOV01_Z006.tif
PROCESSED IMG SHAPE: (4, 2189, 2189)
Saved: B2_FOV01_Z006_pr.tif
took 0.8041932582855225 seconds

Processing: B2_FOV03_Z006.tif
PROCESSED IMG SHAPE: (4, 2189, 2189)
Saved: B2_FOV03_Z006_pr.tif
took 0.7253391742706299 seconds

Processing: B2_FOV02_Z091.tif
PROCESSED IMG SHAPE: (4, 2189, 2189)
Saved: B2_FOV02_Z091_pr.tif
took 0.7465004920959473 seconds

Processing: B2_FOV02_Z067.tif
PROCESSED IMG SHAPE: (4, 2189, 2189)
Saved: B2_FOV02_Z067_pr.tif
took 0.8067538738250732 seconds

Processing: B2_FOV02_Z018.tif
PROCESSED IMG SHAPE: (4, 2189, 2189)
Saved: B2_FOV02_Z018_pr.tif
took 0.7093770503997803 seconds

Processing: B2_FOV02_Z094.tif
PROCESSED IMG SHAPE: (4, 2189, 2189)
Saved: B2_FOV02_Z094_pr.tif
took 0.7535879611968994 seconds

Processing: B2_FOV00_Z075.tif
PROCESSED IMG SHAPE: (4, 2189, 2189)
Saved: B2_FOV00_Z075_pr.tif
took 0.7378902435302734 seconds

Processing: B2_FOV00_Z039.tif
PROCESSED IMG SHAPE: (4, 2189, 2189)
Saved: B2_FOV00_Z039_pr.tif
took 0.7571866512298584 seconds

Processing: B2_FOV03_Z021.tif
PROCESSED IMG SHAPE: (4, 2189, 2189)
Saved: B2_FOV03_Z021_pr.tif
took 0.7184956073760986 seconds

Processing: B2_FOV02_Z063.tif
PROCESSED IMG SHAPE: (4, 2189, 2189)
Saved: B2_FOV02_Z063_pr.tif
took 0.8279790878295898 seconds

Processing: B2_FOV02_Z011.tif
PROCESSED IMG SHAPE: (4, 2189, 2189)
Saved: B2_FOV02_Z011_pr.tif
took 0.803551435470581 seconds

Processing: B2_FOV03_Z060.tif
PROCESSED IMG SHAPE: (4, 2189, 2189)
Saved: B2_FOV03_Z060_pr.tif
took 0.7444067001342773 seconds

Processing: B2_FOV03_Z070.tif
PROCESSED IMG SHAPE: (4, 2189, 2189)
Saved: B2_FOV03_Z070_pr.tif
took 0.7979671955108643 seconds

Processing: B2_FOV03_Z019.tif
PROCESSED IMG SHAPE: (4, 2189, 2189)
Saved: B2_FOV03_Z019_pr.tif
took 0.7159388065338135 seconds

Processing: B2_FOV03_Z036.tif
PROCESSED IMG SHAPE: (4, 2189, 2189)
Saved: B2_FOV03_Z036_pr.tif
took 0.7419273853302002 seconds

Processing: B2_FOV00_Z076.tif
PROCESSED IMG SHAPE: (4, 2189, 2189)
Saved: B2_FOV00_Z076_pr.tif
took 0.8015561103820801 seconds

Processing: B2_FOV02_Z073.tif
PROCESSED IMG SHAPE: (4, 2189, 2189)
Saved: B2_FOV02_Z073_pr.tif
took 0.6783809661865234 seconds

Processing: B2_FOV00_Z054.tif
PROCESSED IMG SHAPE: (4, 2189, 2189)
Saved: B2_FOV00_Z054_pr.tif
took 0.7983253002166748 seconds

Processing: B2_FOV03_Z017.tif
PROCESSED IMG SHAPE: (4, 2189, 2189)
Saved: B2_FOV03_Z017_pr.tif
took 0.739203929901123 seconds

Processing: B2_FOV01_Z076.tif
PROCESSED IMG SHAPE: (4, 2189, 2189)
Saved: B2_FOV01_Z076_pr.tif
took 0.7271990776062012 seconds

Processing: B2_FOV02_Z056.tif
PROCESSED IMG SHAPE: (4, 2189, 2189)
Saved: B2_FOV02_Z056_pr.tif
took 0.7875466346740723 seconds

Processing: B2_FOV03_Z012.tif
PROCESSED IMG SHAPE: (4, 2189, 2189)
Saved: B2_FOV03_Z012_pr.tif
took 0.7561278343200684 seconds

Processing: B2_FOV00_Z058.tif
PROCESSED IMG SHAPE: (4, 2189, 2189)
Saved: B2_FOV00_Z058_pr.tif
took 0.7529478073120117 seconds

Processing: B2_FOV00_Z021.tif
PROCESSED IMG SHAPE: (4, 2189, 2189)
Saved: B2_FOV00_Z021_pr.tif
took 0.7193021774291992 seconds

Processing: B2_FOV01_Z051.tif
PROCESSED IMG SHAPE: (4, 2189, 2189)
Saved: B2_FOV01_Z051_pr.tif
took 0.7116365432739258 seconds

Processing: B2_FOV03_Z035.tif
PROCESSED IMG SHAPE: (4, 2189, 2189)
Saved: B2_FOV03_Z035_pr.tif
took 0.7150888442993164 seconds

Processing: B2_FOV03_Z031.tif
PROCESSED IMG SHAPE: (4, 2189, 2189)
Saved: B2_FOV03_Z031_pr.tif
took 0.7600226402282715 seconds

Processing: B2_FOV03_Z030.tif
PROCESSED IMG SHAPE: (4, 2189, 2189)
Saved: B2_FOV03_Z030_pr.tif
took 0.7091615200042725 seconds

Processing: B2_FOV02_Z015.tif
PROCESSED IMG SHAPE: (4, 2189, 2189)
Saved: B2_FOV02_Z015_pr.tif
took 0.7820479869842529 seconds

Processing: B2_FOV01_Z099.tif
PROCESSED IMG SHAPE: (4, 2189, 2189)
Saved: B2_FOV01_Z099_pr.tif
took 0.8580322265625 seconds

Processing: B2_FOV03_Z000.tif
PROCESSED IMG SHAPE: (4, 2189, 2189)
Saved: B2_FOV03_Z000_pr.tif
took 0.7771444320678711 seconds

Processing: B2_FOV03_Z043.tif
PROCESSED IMG SHAPE: (4, 2189, 2189)
Saved: B2_FOV03_Z043_pr.tif
took 0.7574176788330078 seconds

Processing: B2_FOV01_Z059.tif
PROCESSED IMG SHAPE: (4, 2189, 2189)
Saved: B2_FOV01_Z059_pr.tif
took 0.6982202529907227 seconds

Processing: B2_FOV02_Z043.tif
PROCESSED IMG SHAPE: (4, 2189, 2189)
Saved: B2_FOV02_Z043_pr.tif
took 0.7503359317779541 seconds

Processing: B2_FOV02_Z086.tif
PROCESSED IMG SHAPE: (4, 2189, 2189)
Saved: B2_FOV02_Z086_pr.tif
took 0.6938681602478027 seconds

Processing: B2_FOV03_Z073.tif
PROCESSED IMG SHAPE: (4, 2189, 2189)
Saved: B2_FOV03_Z073_pr.tif
took 0.8390841484069824 seconds

Processing: B2_FOV00_Z027.tif
PROCESSED IMG SHAPE: (4, 2189, 2189)
Saved: B2_FOV00_Z027_pr.tif
took 0.7759726047515869 seconds

Processing: B2_FOV03_Z084.tif
PROCESSED IMG SHAPE: (4, 2189, 2189)
Saved: B2_FOV03_Z084_pr.tif
took 0.7010231018066406 seconds

Processing: B2_FOV02_Z020.tif
PROCESSED IMG SHAPE: (4, 2189, 2189)
Saved: B2_FOV02_Z020_pr.tif
took 0.7621238231658936 seconds

Processing: B2_FOV01_Z014.tif
PROCESSED IMG SHAPE: (4, 2189, 2189)
Saved: B2_FOV01_Z014_pr.tif
took 0.7895393371582031 seconds

Processing: B2_FOV01_Z028.tif
PROCESSED IMG SHAPE: (4, 2189, 2189)
Saved: B2_FOV01_Z028_pr.tif
took 0.8445539474487305 seconds

Processing: B2_FOV00_Z025.tif
PROCESSED IMG SHAPE: (4, 2189, 2189)
Saved: B2_FOV00_Z025_pr.tif
took 0.7531189918518066 seconds

Processing: B2_FOV00_Z029.tif
PROCESSED IMG SHAPE: (4, 2189, 2189)
Saved: B2_FOV00_Z029_pr.tif
took 0.6744377613067627 seconds

Processing: B2_FOV03_Z074.tif
PROCESSED IMG SHAPE: (4, 2189, 2189)
Saved: B2_FOV03_Z074_pr.tif
took 0.6659836769104004 seconds

Processing: B2_FOV02_Z031.tif
PROCESSED IMG SHAPE: (4, 2189, 2189)
Saved: B2_FOV02_Z031_pr.tif
took 0.7413792610168457 seconds

Processing: B2_FOV00_Z015.tif
PROCESSED IMG SHAPE: (4, 2189, 2189)
Saved: B2_FOV00_Z015_pr.tif
took 0.767796516418457 seconds

Processing: B2_FOV03_Z097.tif
PROCESSED IMG SHAPE: (4, 2189, 2189)
Saved: B2_FOV03_Z097_pr.tif
took 0.7217333316802979 seconds

Processing: B2_FOV01_Z044.tif
PROCESSED IMG SHAPE: (4, 2189, 2189)
Saved: B2_FOV01_Z044_pr.tif
took 0.8327758312225342 seconds

Processing: B2_FOV00_Z098.tif
PROCESSED IMG SHAPE: (4, 2189, 2189)
Saved: B2_FOV00_Z098_pr.tif
took 0.7740600109100342 seconds

Processing: B2_FOV00_Z001.tif
PROCESSED IMG SHAPE: (4, 2189, 2189)
Saved: B2_FOV00_Z001_pr.tif
took 0.7293059825897217 seconds

Processing: B2_FOV01_Z002.tif
PROCESSED IMG SHAPE: (4, 2189, 2189)
Saved: B2_FOV01_Z002_pr.tif
took 0.8872051239013672 seconds

Processing: B2_FOV00_Z085.tif
PROCESSED IMG SHAPE: (4, 2189, 2189)
Saved: B2_FOV00_Z085_pr.tif
took 0.7636492252349854 seconds

Processing: B2_FOV03_Z063.tif
PROCESSED IMG SHAPE: (4, 2189, 2189)
Saved: B2_FOV03_Z063_pr.tif
took 0.7877144813537598 seconds

Processing: B2_FOV02_Z069.tif
PROCESSED IMG SHAPE: (4, 2189, 2189)
Saved: B2_FOV02_Z069_pr.tif
took 0.7049484252929688 seconds

Processing: B2_FOV03_Z085.tif
PROCESSED IMG SHAPE: (4, 2189, 2189)
Saved: B2_FOV03_Z085_pr.tif
took 0.7141697406768799 seconds

Processing: B2_FOV01_Z053.tif
PROCESSED IMG SHAPE: (4, 2189, 2189)
Saved: B2_FOV01_Z053_pr.tif
took 0.7704348564147949 seconds

Processing: B2_FOV01_Z024.tif
PROCESSED IMG SHAPE: (4, 2189, 2189)
Saved: B2_FOV01_Z024_pr.tif
took 0.6873288154602051 seconds

Processing: B2_FOV00_Z030.tif
PROCESSED IMG SHAPE: (4, 2189, 2189)
Saved: B2_FOV00_Z030_pr.tif
took 0.7167065143585205 seconds

Processing: B2_FOV03_Z064.tif
PROCESSED IMG SHAPE: (4, 2189, 2189)
Saved: B2_FOV03_Z064_pr.tif
took 0.7038757801055908 seconds

Processing: B2_FOV00_Z083.tif
PROCESSED IMG SHAPE: (4, 2189, 2189)
Saved: B2_FOV00_Z083_pr.tif
took 0.7702810764312744 seconds

Processing: B2_FOV00_Z002.tif
PROCESSED IMG SHAPE: (4, 2189, 2189)
Saved: B2_FOV00_Z002_pr.tif
took 0.741368293762207 seconds

Processing: B2_FOV02_Z040.tif
PROCESSED IMG SHAPE: (4, 2189, 2189)
Saved: B2_FOV02_Z040_pr.tif
took 0.7400736808776855 seconds

Processing: B2_FOV02_Z012.tif
PROCESSED IMG SHAPE: (4, 2189, 2189)
Saved: B2_FOV02_Z012_pr.tif
took 0.8841598033905029 seconds

Processing: B2_FOV03_Z025.tif
PROCESSED IMG SHAPE: (4, 2189, 2189)
Saved: B2_FOV03_Z025_pr.tif
took 0.7475631237030029 seconds

Processing: B2_FOV03_Z078.tif
PROCESSED IMG SHAPE: (4, 2189, 2189)
Saved: B2_FOV03_Z078_pr.tif
took 0.751105785369873 seconds

Processing: B2_FOV01_Z009.tif
PROCESSED IMG SHAPE: (4, 2189, 2189)
Saved: B2_FOV01_Z009_pr.tif
took 0.6904363632202148 seconds

Processing: B2_FOV03_Z087.tif
PROCESSED IMG SHAPE: (4, 2189, 2189)
Saved: B2_FOV03_Z087_pr.tif
took 0.767413854598999 seconds

Processing: B2_FOV01_Z052.tif
PROCESSED IMG SHAPE: (4, 2189, 2189)
Saved: B2_FOV01_Z052_pr.tif
took 0.7105581760406494 seconds

Processing: B2_FOV03_Z028.tif
PROCESSED IMG SHAPE: (4, 2189, 2189)
Saved: B2_FOV03_Z028_pr.tif
took 0.7528965473175049 seconds

Processing: B2_FOV03_Z061.tif
PROCESSED IMG SHAPE: (4, 2189, 2189)
Saved: B2_FOV03_Z061_pr.tif
took 0.7110803127288818 seconds

Processing: B2_FOV03_Z042.tif
PROCESSED IMG SHAPE: (4, 2189, 2189)
Saved: B2_FOV03_Z042_pr.tif
took 0.7551720142364502 seconds

Processing: B2_FOV03_Z049.tif
PROCESSED IMG SHAPE: (4, 2189, 2189)
Saved: B2_FOV03_Z049_pr.tif
took 0.710784912109375 seconds

Processing: B2_FOV01_Z083.tif
PROCESSED IMG SHAPE: (4, 2189, 2189)
Saved: B2_FOV01_Z083_pr.tif
took 0.7755312919616699 seconds

Processing: B2_FOV02_Z058.tif
PROCESSED IMG SHAPE: (4, 2189, 2189)
Saved: B2_FOV02_Z058_pr.tif
took 0.764829158782959 seconds

Processing: B2_FOV01_Z070.tif
PROCESSED IMG SHAPE: (4, 2189, 2189)
Saved: B2_FOV01_Z070_pr.tif
took 0.7804508209228516 seconds

Processing: B2_FOV00_Z038.tif
PROCESSED IMG SHAPE: (4, 2189, 2189)
Saved: B2_FOV00_Z038_pr.tif
took 0.734222412109375 seconds

Processing: B2_FOV01_Z045.tif
PROCESSED IMG SHAPE: (4, 2189, 2189)
Saved: B2_FOV01_Z045_pr.tif
took 0.7850966453552246 seconds

Processing: B2_FOV02_Z001.tif
PROCESSED IMG SHAPE: (4, 2189, 2189)
Saved: B2_FOV02_Z001_pr.tif
took 0.7456071376800537 seconds

Processing: B2_FOV03_Z002.tif
PROCESSED IMG SHAPE: (4, 2189, 2189)
Saved: B2_FOV03_Z002_pr.tif
took 0.9477932453155518 seconds

Processing: B2_FOV01_Z094.tif
PROCESSED IMG SHAPE: (4, 2189, 2189)
Saved: B2_FOV01_Z094_pr.tif
took 0.7039659023284912 seconds

Processing: B2_FOV02_Z002.tif
PROCESSED IMG SHAPE: (4, 2189, 2189)
Saved: B2_FOV02_Z002_pr.tif
took 0.8285315036773682 seconds

Processing: B2_FOV01_Z019.tif
PROCESSED IMG SHAPE: (4, 2189, 2189)
Saved: B2_FOV01_Z019_pr.tif
took 0.6766629219055176 seconds

Processing: B2_FOV00_Z020.tif
PROCESSED IMG SHAPE: (4, 2189, 2189)
Saved: B2_FOV00_Z020_pr.tif
took 0.7110476493835449 seconds

Processing: B2_FOV00_Z013.tif
PROCESSED IMG SHAPE: (4, 2189, 2189)
Saved: B2_FOV00_Z013_pr.tif
took 0.7004644870758057 seconds

Processing: B2_FOV01_Z065.tif
PROCESSED IMG SHAPE: (4, 2189, 2189)
Saved: B2_FOV01_Z065_pr.tif
took 0.7641549110412598 seconds

Processing: B2_FOV00_Z064.tif
PROCESSED IMG SHAPE: (4, 2189, 2189)
Saved: B2_FOV00_Z064_pr.tif
took 0.6986660957336426 seconds

Processing: B2_FOV03_Z008.tif
PROCESSED IMG SHAPE: (4, 2189, 2189)
Saved: B2_FOV03_Z008_pr.tif
took 0.7571470737457275 seconds

Processing: B2_FOV03_Z094.tif
PROCESSED IMG SHAPE: (4, 2189, 2189)
Saved: B2_FOV03_Z094_pr.tif
took 0.7577097415924072 seconds

Processing: B2_FOV01_Z056.tif
PROCESSED IMG SHAPE: (4, 2189, 2189)
Saved: B2_FOV01_Z056_pr.tif
took 0.7163734436035156 seconds

Processing: B2_FOV01_Z069.tif
PROCESSED IMG SHAPE: (4, 2189, 2189)
Saved: B2_FOV01_Z069_pr.tif
took 0.9043943881988525 seconds

Processing: B2_FOV03_Z071.tif
PROCESSED IMG SHAPE: (4, 2189, 2189)
Saved: B2_FOV03_Z071_pr.tif
took 0.8013529777526855 seconds

Processing: B2_FOV03_Z011.tif
PROCESSED IMG SHAPE: (4, 2189, 2189)
Saved: B2_FOV03_Z011_pr.tif
took 0.701423168182373 seconds

Processing: B2_FOV00_Z016.tif
PROCESSED IMG SHAPE: (4, 2189, 2189)
Saved: B2_FOV00_Z016_pr.tif
took 0.826108455657959 seconds

Processing: B2_FOV03_Z039.tif
PROCESSED IMG SHAPE: (4, 2189, 2189)
Saved: B2_FOV03_Z039_pr.tif
took 0.8799252510070801 seconds

Processing: B2_FOV01_Z012.tif
PROCESSED IMG SHAPE: (4, 2189, 2189)
Saved: B2_FOV01_Z012_pr.tif
took 0.820399284362793 seconds

Processing: B2_FOV00_Z014.tif
PROCESSED IMG SHAPE: (4, 2189, 2189)
Saved: B2_FOV00_Z014_pr.tif
took 0.7218799591064453 seconds

Processing: B2_FOV00_Z042.tif
PROCESSED IMG SHAPE: (4, 2189, 2189)
Saved: B2_FOV00_Z042_pr.tif
took 0.7723844051361084 seconds

Processing: B2_FOV01_Z087.tif
PROCESSED IMG SHAPE: (4, 2189, 2189)
Saved: B2_FOV01_Z087_pr.tif
took 0.7280588150024414 seconds

Processing: B2_FOV03_Z003.tif
PROCESSED IMG SHAPE: (4, 2189, 2189)
Saved: B2_FOV03_Z003_pr.tif
took 0.8061826229095459 seconds

Processing: B2_FOV01_Z015.tif
PROCESSED IMG SHAPE: (4, 2189, 2189)
Saved: B2_FOV01_Z015_pr.tif
took 0.7158205509185791 seconds

Processing: B2_FOV03_Z015.tif
PROCESSED IMG SHAPE: (4, 2189, 2189)
Saved: B2_FOV03_Z015_pr.tif
took 0.9187018871307373 seconds

Processing: B2_FOV01_Z004.tif
PROCESSED IMG SHAPE: (4, 2189, 2189)
Saved: B2_FOV01_Z004_pr.tif
took 0.7274394035339355 seconds

Processing: B2_FOV03_Z086.tif
PROCESSED IMG SHAPE: (4, 2189, 2189)
Saved: B2_FOV03_Z086_pr.tif
took 0.67911696434021 seconds

Processing: B2_FOV00_Z023.tif
PROCESSED IMG SHAPE: (4, 2189, 2189)
Saved: B2_FOV00_Z023_pr.tif
took 0.7682983875274658 seconds

Processing: B2_FOV03_Z023.tif
PROCESSED IMG SHAPE: (4, 2189, 2189)
Saved: B2_FOV03_Z023_pr.tif
took 0.8625788688659668 seconds

Processing: B2_FOV03_Z044.tif
PROCESSED IMG SHAPE: (4, 2189, 2189)
Saved: B2_FOV03_Z044_pr.tif
took 0.7246870994567871 seconds

Processing: B2_FOV00_Z059.tif
PROCESSED IMG SHAPE: (4, 2189, 2189)
Saved: B2_FOV00_Z059_pr.tif
took 0.735663890838623 seconds

Processing: B2_FOV01_Z072.tif
PROCESSED IMG SHAPE: (4, 2189, 2189)
Saved: B2_FOV01_Z072_pr.tif
took 0.7563631534576416 seconds

Processing: B2_FOV01_Z061.tif
PROCESSED IMG SHAPE: (4, 2189, 2189)
Saved: B2_FOV01_Z061_pr.tif
took 0.7722177505493164 seconds

Processing: B2_FOV02_Z017.tif
PROCESSED IMG SHAPE: (4, 2189, 2189)
Saved: B2_FOV02_Z017_pr.tif
took 0.6971652507781982 seconds

Processing: B2_FOV00_Z071.tif
PROCESSED IMG SHAPE: (4, 2189, 2189)
Saved: B2_FOV00_Z071_pr.tif
took 0.7046480178833008 seconds

Processing: B2_FOV02_Z097.tif
PROCESSED IMG SHAPE: (4, 2189, 2189)
Saved: B2_FOV02_Z097_pr.tif
took 0.7146875858306885 seconds

Processing: B2_FOV01_Z082.tif
PROCESSED IMG SHAPE: (4, 2189, 2189)
Saved: B2_FOV01_Z082_pr.tif
took 0.7049589157104492 seconds

Processing: B2_FOV00_Z072.tif
PROCESSED IMG SHAPE: (4, 2189, 2189)
Saved: B2_FOV00_Z072_pr.tif
took 0.7299556732177734 seconds

Processing: B2_FOV03_Z016.tif
PROCESSED IMG SHAPE: (4, 2189, 2189)
Saved: B2_FOV03_Z016_pr.tif
took 0.7217681407928467 seconds

Processing: B2_FOV00_Z036.tif
PROCESSED IMG SHAPE: (4, 2189, 2189)
Saved: B2_FOV00_Z036_pr.tif
took 0.7721855640411377 seconds

Processing: B2_FOV00_Z060.tif
PROCESSED IMG SHAPE: (4, 2189, 2189)
Saved: B2_FOV00_Z060_pr.tif
took 0.7843410968780518 seconds

Processing: B2_FOV01_Z040.tif
PROCESSED IMG SHAPE: (4, 2189, 2189)
Saved: B2_FOV01_Z040_pr.tif
took 0.758617639541626 seconds

Processing: B2_FOV02_Z049.tif
PROCESSED IMG SHAPE: (4, 2189, 2189)
Saved: B2_FOV02_Z049_pr.tif
took 0.8101515769958496 seconds

Processing: B2_FOV01_Z037.tif
PROCESSED IMG SHAPE: (4, 2189, 2189)
Saved: B2_FOV01_Z037_pr.tif
took 0.7257986068725586 seconds

Processing: B2_FOV00_Z070.tif
PROCESSED IMG SHAPE: (4, 2189, 2189)
Saved: B2_FOV00_Z070_pr.tif
took 0.7292840480804443 seconds

Processing: B2_FOV02_Z028.tif
PROCESSED IMG SHAPE: (4, 2189, 2189)
Saved: B2_FOV02_Z028_pr.tif
took 0.7624320983886719 seconds

Processing: B2_FOV00_Z046.tif
PROCESSED IMG SHAPE: (4, 2189, 2189)
Saved: B2_FOV00_Z046_pr.tif
took 0.7195286750793457 seconds

Processing: B2_FOV02_Z022.tif
PROCESSED IMG SHAPE: (4, 2189, 2189)
Saved: B2_FOV02_Z022_pr.tif
took 0.8133959770202637 seconds

Processing: B2_FOV02_Z088.tif
PROCESSED IMG SHAPE: (4, 2189, 2189)
Saved: B2_FOV02_Z088_pr.tif
took 0.7848176956176758 seconds

Processing: B2_FOV00_Z003.tif
PROCESSED IMG SHAPE: (4, 2189, 2189)
Saved: B2_FOV00_Z003_pr.tif
took 0.7013862133026123 seconds

Processing: B2_FOV01_Z017.tif
PROCESSED IMG SHAPE: (4, 2189, 2189)
Saved: B2_FOV01_Z017_pr.tif
took 0.7745308876037598 seconds

Processing: B2_FOV03_Z007.tif
PROCESSED IMG SHAPE: (4, 2189, 2189)
Saved: B2_FOV03_Z007_pr.tif
took 0.7186634540557861 seconds

Processing: B2_FOV01_Z060.tif
PROCESSED IMG SHAPE: (4, 2189, 2189)
Saved: B2_FOV01_Z060_pr.tif
took 0.7078745365142822 seconds

Processing: B2_FOV02_Z068.tif
PROCESSED IMG SHAPE: (4, 2189, 2189)
Saved: B2_FOV02_Z068_pr.tif
took 0.8623142242431641 seconds

Processing: B2_FOV01_Z000.tif
PROCESSED IMG SHAPE: (4, 2189, 2189)
Saved: B2_FOV01_Z000_pr.tif
took 0.7582569122314453 seconds

Processing: B2_FOV01_Z036.tif
PROCESSED IMG SHAPE: (4, 2189, 2189)
Saved: B2_FOV01_Z036_pr.tif
took 0.7914872169494629 seconds

Processing: B2_FOV01_Z085.tif
PROCESSED IMG SHAPE: (4, 2189, 2189)
Saved: B2_FOV01_Z085_pr.tif
took 0.7385437488555908 seconds

Processing: B2_FOV03_Z082.tif
PROCESSED IMG SHAPE: (4, 2189, 2189)
Saved: B2_FOV03_Z082_pr.tif
took 0.6893031597137451 seconds

Processing: B2_FOV03_Z056.tif
PROCESSED IMG SHAPE: (4, 2189, 2189)
Saved: B2_FOV03_Z056_pr.tif
took 0.7111523151397705 seconds

Processing: B2_FOV01_Z095.tif
PROCESSED IMG SHAPE: (4, 2189, 2189)
Saved: B2_FOV01_Z095_pr.tif
took 0.9250178337097168 seconds

Processing: B2_FOV02_Z062.tif
PROCESSED IMG SHAPE: (4, 2189, 2189)
Saved: B2_FOV02_Z062_pr.tif
took 0.7046961784362793 seconds

Processing: B2_FOV00_Z091.tif
PROCESSED IMG SHAPE: (4, 2189, 2189)
Saved: B2_FOV00_Z091_pr.tif
took 0.6972925662994385 seconds

Processing: B2_FOV02_Z085.tif
PROCESSED IMG SHAPE: (4, 2189, 2189)
Saved: B2_FOV02_Z085_pr.tif
took 0.6943938732147217 seconds

Processing: B2_FOV01_Z047.tif
PROCESSED IMG SHAPE: (4, 2189, 2189)
Saved: B2_FOV01_Z047_pr.tif
took 0.8021888732910156 seconds

Processing: B2_FOV02_Z060.tif
PROCESSED IMG SHAPE: (4, 2189, 2189)
Saved: B2_FOV02_Z060_pr.tif
took 0.9342055320739746 seconds

Processing: B2_FOV00_Z026.tif
PROCESSED IMG SHAPE: (4, 2189, 2189)
Saved: B2_FOV00_Z026_pr.tif
took 0.6905112266540527 seconds

Processing: B2_FOV03_Z010.tif
PROCESSED IMG SHAPE: (4, 2189, 2189)
Saved: B2_FOV03_Z010_pr.tif
took 0.7054920196533203 seconds

Processing: B2_FOV02_Z013.tif
PROCESSED IMG SHAPE: (4, 2189, 2189)
Saved: B2_FOV02_Z013_pr.tif
took 0.8110134601593018 seconds

Processing: B2_FOV01_Z031.tif
PROCESSED IMG SHAPE: (4, 2189, 2189)
Saved: B2_FOV01_Z031_pr.tif
took 0.7737617492675781 seconds

Processing: B2_FOV02_Z034.tif
PROCESSED IMG SHAPE: (4, 2189, 2189)
Saved: B2_FOV02_Z034_pr.tif
took 0.772904634475708 seconds

Processing: B2_FOV02_Z093.tif
PROCESSED IMG SHAPE: (4, 2189, 2189)
Saved: B2_FOV02_Z093_pr.tif
took 0.7147860527038574 seconds

Processing: B2_FOV03_Z034.tif
PROCESSED IMG SHAPE: (4, 2189, 2189)
Saved: B2_FOV03_Z034_pr.tif
took 0.8008441925048828 seconds

Processing: B2_FOV01_Z042.tif
PROCESSED IMG SHAPE: (4, 2189, 2189)
Saved: B2_FOV01_Z042_pr.tif
took 0.8224480152130127 seconds

Processing: B2_FOV00_Z080.tif
PROCESSED IMG SHAPE: (4, 2189, 2189)
Saved: B2_FOV00_Z080_pr.tif
took 0.7712059020996094 seconds

Processing: B2_FOV02_Z077.tif
PROCESSED IMG SHAPE: (4, 2189, 2189)
Saved: B2_FOV02_Z077_pr.tif
took 0.7495932579040527 seconds

Processing: B2_FOV00_Z073.tif
PROCESSED IMG SHAPE: (4, 2189, 2189)
Saved: B2_FOV00_Z073_pr.tif
took 1.0058600902557373 seconds

Processing: B2_FOV01_Z008.tif
PROCESSED IMG SHAPE: (4, 2189, 2189)
Saved: B2_FOV01_Z008_pr.tif
took 0.7798600196838379 seconds

Processing: B2_FOV02_Z041.tif
PROCESSED IMG SHAPE: (4, 2189, 2189)
Saved: B2_FOV02_Z041_pr.tif
took 0.7700912952423096 seconds

Processing: B2_FOV00_Z049.tif
PROCESSED IMG SHAPE: (4, 2189, 2189)
Saved: B2_FOV00_Z049_pr.tif
took 0.7292296886444092 seconds

Processing: B2_FOV00_Z097.tif
PROCESSED IMG SHAPE: (4, 2189, 2189)
Saved: B2_FOV00_Z097_pr.tif
took 0.8267672061920166 seconds

Processing: B2_FOV02_Z010.tif
PROCESSED IMG SHAPE: (4, 2189, 2189)
Saved: B2_FOV02_Z010_pr.tif
took 0.7850222587585449 seconds

Processing: B2_FOV02_Z004.tif
PROCESSED IMG SHAPE: (4, 2189, 2189)
Saved: B2_FOV02_Z004_pr.tif
took 0.7184908390045166 seconds

Processing: B2_FOV01_Z013.tif
PROCESSED IMG SHAPE: (4, 2189, 2189)
Saved: B2_FOV01_Z013_pr.tif
took 0.7290279865264893 seconds

Processing: B2_FOV03_Z092.tif
PROCESSED IMG SHAPE: (4, 2189, 2189)
Saved: B2_FOV03_Z092_pr.tif
took 0.7347359657287598 seconds

Processing: B2_FOV01_Z080.tif
PROCESSED IMG SHAPE: (4, 2189, 2189)
Saved: B2_FOV01_Z080_pr.tif
took 0.8551874160766602 seconds

Processing: B2_FOV00_Z086.tif
PROCESSED IMG SHAPE: (4, 2189, 2189)
Saved: B2_FOV00_Z086_pr.tif
took 0.9850599765777588 seconds

Processing: B2_FOV03_Z062.tif
PROCESSED IMG SHAPE: (4, 2189, 2189)
Saved: B2_FOV03_Z062_pr.tif
took 0.7138962745666504 seconds

Processing: B2_FOV03_Z029.tif
PROCESSED IMG SHAPE: (4, 2189, 2189)
Saved: B2_FOV03_Z029_pr.tif
took 0.7499606609344482 seconds

Processing: B2_FOV03_Z100.tif
PROCESSED IMG SHAPE: (4, 2189, 2189)
Saved: B2_FOV03_Z100_pr.tif
took 0.7849798202514648 seconds

Processing: B2_FOV01_Z081.tif
PROCESSED IMG SHAPE: (4, 2189, 2189)
Saved: B2_FOV01_Z081_pr.tif
took 0.7945506572723389 seconds

Processing: B2_FOV01_Z074.tif
PROCESSED IMG SHAPE: (4, 2189, 2189)
Saved: B2_FOV01_Z074_pr.tif
took 0.6973857879638672 seconds

Processing: B2_FOV01_Z100.tif
PROCESSED IMG SHAPE: (4, 2189, 2189)
Saved: B2_FOV01_Z100_pr.tif
took 0.7950069904327393 seconds

Processing: B2_FOV01_Z091.tif
PROCESSED IMG SHAPE: (4, 2189, 2189)
Saved: B2_FOV01_Z091_pr.tif
took 0.6833882331848145 seconds

Processing: B2_FOV02_Z075.tif
PROCESSED IMG SHAPE: (4, 2189, 2189)
Saved: B2_FOV02_Z075_pr.tif
took 0.7066256999969482 seconds

Processing: B2_FOV03_Z005.tif
PROCESSED IMG SHAPE: (4, 2189, 2189)
Saved: B2_FOV03_Z005_pr.tif
took 0.7643997669219971 seconds

Processing: B2_FOV02_Z016.tif
PROCESSED IMG SHAPE: (4, 2189, 2189)
Saved: B2_FOV02_Z016_pr.tif
took 0.7334895133972168 seconds

Processing: B2_FOV02_Z084.tif
PROCESSED IMG SHAPE: (4, 2189, 2189)
Saved: B2_FOV02_Z084_pr.tif
took 0.7564051151275635 seconds

Processing: B2_FOV03_Z066.tif
PROCESSED IMG SHAPE: (4, 2189, 2189)
Saved: B2_FOV03_Z066_pr.tif
took 0.6963961124420166 seconds

Processing: B2_FOV01_Z043.tif
PROCESSED IMG SHAPE: (4, 2189, 2189)
Saved: B2_FOV01_Z043_pr.tif
took 0.7684910297393799 seconds

Processing: B2_FOV02_Z032.tif
PROCESSED IMG SHAPE: (4, 2189, 2189)
Saved: B2_FOV02_Z032_pr.tif
took 0.760969877243042 seconds

Processing: B2_FOV03_Z050.tif
PROCESSED IMG SHAPE: (4, 2189, 2189)
Saved: B2_FOV03_Z050_pr.tif
took 0.8091697692871094 seconds

Processing: B2_FOV02_Z026.tif
PROCESSED IMG SHAPE: (4, 2189, 2189)
Saved: B2_FOV02_Z026_pr.tif
took 0.7360808849334717 seconds

Processing complete! Saved images.
Preprocessing B2 took 309.626189 seconds
Found 268 matching img file(s)
Output directory: /jet/home/pwojcik/lm_lab_proj/preprocessed/B3_preprocessed

Processing: B3_FOV02_Z019.tif
PROCESSED IMG SHAPE: (4, 2189, 2189)
Saved: B3_FOV02_Z019_pr.tif
took 0.7649004459381104 seconds

Processing: B3_FOV03_Z059.tif
PROCESSED IMG SHAPE: (4, 2189, 2189)
Saved: B3_FOV03_Z059_pr.tif
took 0.7354097366333008 seconds

Processing: B3_FOV00_Z009.tif
PROCESSED IMG SHAPE: (4, 2189, 2189)
Saved: B3_FOV00_Z009_pr.tif
took 0.7278962135314941 seconds

Processing: B3_FOV00_Z023.tif
PROCESSED IMG SHAPE: (4, 2189, 2189)
Saved: B3_FOV00_Z023_pr.tif
took 0.7612953186035156 seconds

Processing: B3_FOV03_Z043.tif
PROCESSED IMG SHAPE: (4, 2189, 2189)
Saved: B3_FOV03_Z043_pr.tif
took 0.742262601852417 seconds

Processing: B3_FOV02_Z028.tif
PROCESSED IMG SHAPE: (4, 2189, 2189)
Saved: B3_FOV02_Z028_pr.tif
took 0.7400040626525879 seconds

Processing: B3_FOV03_Z027.tif
PROCESSED IMG SHAPE: (4, 2189, 2189)
Saved: B3_FOV03_Z027_pr.tif
took 0.8099160194396973 seconds

Processing: B3_FOV02_Z065.tif
PROCESSED IMG SHAPE: (4, 2189, 2189)
Saved: B3_FOV02_Z065_pr.tif
took 0.7495136260986328 seconds

Processing: B3_FOV02_Z004.tif
PROCESSED IMG SHAPE: (4, 2189, 2189)
Saved: B3_FOV02_Z004_pr.tif
took 0.8196365833282471 seconds

Processing: B3_FOV01_Z013.tif
PROCESSED IMG SHAPE: (4, 2189, 2189)
Saved: B3_FOV01_Z013_pr.tif
took 0.7280807495117188 seconds

Processing: B3_FOV02_Z037.tif
PROCESSED IMG SHAPE: (4, 2189, 2189)
Saved: B3_FOV02_Z037_pr.tif
took 0.7525012493133545 seconds

Processing: B3_FOV02_Z044.tif
PROCESSED IMG SHAPE: (4, 2189, 2189)
Saved: B3_FOV02_Z044_pr.tif
took 0.696141242980957 seconds

Processing: B3_FOV03_Z023.tif
PROCESSED IMG SHAPE: (4, 2189, 2189)
Saved: B3_FOV03_Z023_pr.tif
took 0.7991034984588623 seconds

Processing: B3_FOV03_Z051.tif
PROCESSED IMG SHAPE: (4, 2189, 2189)
Saved: B3_FOV03_Z051_pr.tif
took 0.7018191814422607 seconds

Processing: B3_FOV01_Z036.tif
PROCESSED IMG SHAPE: (4, 2189, 2189)
Saved: B3_FOV01_Z036_pr.tif
took 0.7637507915496826 seconds

Processing: B3_FOV01_Z005.tif
PROCESSED IMG SHAPE: (4, 2189, 2189)
Saved: B3_FOV01_Z005_pr.tif
took 0.7376980781555176 seconds

Processing: B3_FOV03_Z028.tif
PROCESSED IMG SHAPE: (4, 2189, 2189)
Saved: B3_FOV03_Z028_pr.tif
took 0.7251229286193848 seconds

Processing: B3_FOV00_Z046.tif
PROCESSED IMG SHAPE: (4, 2189, 2189)
Saved: B3_FOV00_Z046_pr.tif
took 0.7375476360321045 seconds

Processing: B3_FOV02_Z026.tif
PROCESSED IMG SHAPE: (4, 2189, 2189)
Saved: B3_FOV02_Z026_pr.tif
took 0.7092940807342529 seconds

Processing: B3_FOV02_Z056.tif
PROCESSED IMG SHAPE: (4, 2189, 2189)
Saved: B3_FOV02_Z056_pr.tif
took 0.71885085105896 seconds

Processing: B3_FOV01_Z044.tif
PROCESSED IMG SHAPE: (4, 2189, 2189)
Saved: B3_FOV01_Z044_pr.tif
took 0.7274751663208008 seconds

Processing: B3_FOV03_Z052.tif
PROCESSED IMG SHAPE: (4, 2189, 2189)
Saved: B3_FOV03_Z052_pr.tif
took 0.7690811157226562 seconds

Processing: B3_FOV03_Z019.tif
PROCESSED IMG SHAPE: (4, 2189, 2189)
Saved: B3_FOV03_Z019_pr.tif
took 0.8477067947387695 seconds

Processing: B3_FOV02_Z001.tif
PROCESSED IMG SHAPE: (4, 2189, 2189)
Saved: B3_FOV02_Z001_pr.tif
took 0.6731564998626709 seconds

Processing: B3_FOV00_Z034.tif
PROCESSED IMG SHAPE: (4, 2189, 2189)
Saved: B3_FOV00_Z034_pr.tif
took 0.7122342586517334 seconds

Processing: B3_FOV00_Z011.tif
PROCESSED IMG SHAPE: (4, 2189, 2189)
Saved: B3_FOV00_Z011_pr.tif
took 0.8903534412384033 seconds

Processing: B3_FOV01_Z026.tif
PROCESSED IMG SHAPE: (4, 2189, 2189)
Saved: B3_FOV01_Z026_pr.tif
took 0.715144157409668 seconds

Processing: B3_FOV03_Z005.tif
PROCESSED IMG SHAPE: (4, 2189, 2189)
Saved: B3_FOV03_Z005_pr.tif
took 0.6984524726867676 seconds

Processing: B3_FOV00_Z014.tif
PROCESSED IMG SHAPE: (4, 2189, 2189)
Saved: B3_FOV00_Z014_pr.tif
took 0.7679128646850586 seconds

Processing: B3_FOV03_Z009.tif
PROCESSED IMG SHAPE: (4, 2189, 2189)
Saved: B3_FOV03_Z009_pr.tif
took 0.7790572643280029 seconds

Processing: B3_FOV02_Z017.tif
PROCESSED IMG SHAPE: (4, 2189, 2189)
Saved: B3_FOV02_Z017_pr.tif
took 0.7986929416656494 seconds

Processing: B3_FOV00_Z020.tif
PROCESSED IMG SHAPE: (4, 2189, 2189)
Saved: B3_FOV00_Z020_pr.tif
took 0.7721140384674072 seconds

Processing: B3_FOV02_Z043.tif
PROCESSED IMG SHAPE: (4, 2189, 2189)
Saved: B3_FOV02_Z043_pr.tif
took 0.7530941963195801 seconds

Processing: B3_FOV01_Z001.tif
PROCESSED IMG SHAPE: (4, 2189, 2189)
Saved: B3_FOV01_Z001_pr.tif
took 0.7451386451721191 seconds

Processing: B3_FOV01_Z035.tif
PROCESSED IMG SHAPE: (4, 2189, 2189)
Saved: B3_FOV01_Z035_pr.tif
took 0.7957816123962402 seconds

Processing: B3_FOV03_Z010.tif
PROCESSED IMG SHAPE: (4, 2189, 2189)
Saved: B3_FOV03_Z010_pr.tif
took 0.7375504970550537 seconds

Processing: B3_FOV03_Z055.tif
PROCESSED IMG SHAPE: (4, 2189, 2189)
Saved: B3_FOV03_Z055_pr.tif
took 0.6731135845184326 seconds

Processing: B3_FOV03_Z032.tif
PROCESSED IMG SHAPE: (4, 2189, 2189)
Saved: B3_FOV03_Z032_pr.tif
took 0.8718705177307129 seconds

Processing: B3_FOV01_Z019.tif
PROCESSED IMG SHAPE: (4, 2189, 2189)
Saved: B3_FOV01_Z019_pr.tif
took 0.7303276062011719 seconds

Processing: B3_FOV00_Z052.tif
PROCESSED IMG SHAPE: (4, 2189, 2189)
Saved: B3_FOV00_Z052_pr.tif
took 0.770554780960083 seconds

Processing: B3_FOV03_Z038.tif
PROCESSED IMG SHAPE: (4, 2189, 2189)
Saved: B3_FOV03_Z038_pr.tif
took 0.7360584735870361 seconds

Processing: B3_FOV03_Z004.tif
PROCESSED IMG SHAPE: (4, 2189, 2189)
Saved: B3_FOV03_Z004_pr.tif
took 0.7356197834014893 seconds

Processing: B3_FOV03_Z065.tif
PROCESSED IMG SHAPE: (4, 2189, 2189)
Saved: B3_FOV03_Z065_pr.tif
took 0.7140100002288818 seconds

Processing: B3_FOV03_Z029.tif
PROCESSED IMG SHAPE: (4, 2189, 2189)
Saved: B3_FOV03_Z029_pr.tif
took 0.6914446353912354 seconds

Processing: B3_FOV03_Z044.tif
PROCESSED IMG SHAPE: (4, 2189, 2189)
Saved: B3_FOV03_Z044_pr.tif
took 0.740537166595459 seconds

Processing: B3_FOV02_Z002.tif
PROCESSED IMG SHAPE: (4, 2189, 2189)
Saved: B3_FOV02_Z002_pr.tif
took 0.769977331161499 seconds

Processing: B3_FOV01_Z000.tif
PROCESSED IMG SHAPE: (4, 2189, 2189)
Saved: B3_FOV01_Z000_pr.tif
took 0.758561372756958 seconds

Processing: B3_FOV01_Z020.tif
PROCESSED IMG SHAPE: (4, 2189, 2189)
Saved: B3_FOV01_Z020_pr.tif
took 0.8252463340759277 seconds

Processing: B3_FOV02_Z014.tif
PROCESSED IMG SHAPE: (4, 2189, 2189)
Saved: B3_FOV02_Z014_pr.tif
took 0.8068256378173828 seconds

Processing: B3_FOV03_Z048.tif
PROCESSED IMG SHAPE: (4, 2189, 2189)
Saved: B3_FOV03_Z048_pr.tif
took 0.7607846260070801 seconds

Processing: B3_FOV02_Z050.tif
PROCESSED IMG SHAPE: (4, 2189, 2189)
Saved: B3_FOV02_Z050_pr.tif
took 0.7149865627288818 seconds

Processing: B3_FOV01_Z065.tif
PROCESSED IMG SHAPE: (4, 2189, 2189)
Saved: B3_FOV01_Z065_pr.tif
took 0.8738901615142822 seconds

Processing: B3_FOV00_Z059.tif
PROCESSED IMG SHAPE: (4, 2189, 2189)
Saved: B3_FOV00_Z059_pr.tif
took 0.754868745803833 seconds

Processing: B3_FOV02_Z031.tif
PROCESSED IMG SHAPE: (4, 2189, 2189)
Saved: B3_FOV02_Z031_pr.tif
took 0.7442984580993652 seconds

Processing: B3_FOV00_Z054.tif
PROCESSED IMG SHAPE: (4, 2189, 2189)
Saved: B3_FOV00_Z054_pr.tif
took 0.7472929954528809 seconds

Processing: B3_FOV01_Z015.tif
PROCESSED IMG SHAPE: (4, 2189, 2189)
Saved: B3_FOV01_Z015_pr.tif
took 0.75760817527771 seconds

Processing: B3_FOV03_Z060.tif
PROCESSED IMG SHAPE: (4, 2189, 2189)
Saved: B3_FOV03_Z060_pr.tif
took 0.7663636207580566 seconds

Processing: B3_FOV03_Z016.tif
PROCESSED IMG SHAPE: (4, 2189, 2189)
Saved: B3_FOV03_Z016_pr.tif
took 0.7086420059204102 seconds

Processing: B3_FOV01_Z047.tif
PROCESSED IMG SHAPE: (4, 2189, 2189)
Saved: B3_FOV01_Z047_pr.tif
took 0.7371470928192139 seconds

Processing: B3_FOV02_Z053.tif
PROCESSED IMG SHAPE: (4, 2189, 2189)
Saved: B3_FOV02_Z053_pr.tif
took 0.7164955139160156 seconds

Processing: B3_FOV03_Z063.tif
PROCESSED IMG SHAPE: (4, 2189, 2189)
Saved: B3_FOV03_Z063_pr.tif
took 0.7930779457092285 seconds

Processing: B3_FOV03_Z058.tif
PROCESSED IMG SHAPE: (4, 2189, 2189)
Saved: B3_FOV03_Z058_pr.tif
took 0.7255909442901611 seconds

Processing: B3_FOV02_Z062.tif
PROCESSED IMG SHAPE: (4, 2189, 2189)
Saved: B3_FOV02_Z062_pr.tif
took 0.8172791004180908 seconds

Processing: B3_FOV01_Z054.tif
PROCESSED IMG SHAPE: (4, 2189, 2189)
Saved: B3_FOV01_Z054_pr.tif
took 0.6938092708587646 seconds

Processing: B3_FOV00_Z057.tif
PROCESSED IMG SHAPE: (4, 2189, 2189)
Saved: B3_FOV00_Z057_pr.tif
took 0.7629930973052979 seconds

Processing: B3_FOV02_Z009.tif
PROCESSED IMG SHAPE: (4, 2189, 2189)
Saved: B3_FOV02_Z009_pr.tif
took 0.6881656646728516 seconds

Processing: B3_FOV01_Z043.tif
PROCESSED IMG SHAPE: (4, 2189, 2189)
Saved: B3_FOV01_Z043_pr.tif
took 0.7477588653564453 seconds

Processing: B3_FOV00_Z002.tif
PROCESSED IMG SHAPE: (4, 2189, 2189)
Saved: B3_FOV00_Z002_pr.tif
took 0.8361148834228516 seconds

Processing: B3_FOV00_Z004.tif
PROCESSED IMG SHAPE: (4, 2189, 2189)
Saved: B3_FOV00_Z004_pr.tif
took 0.7468466758728027 seconds

Processing: B3_FOV00_Z064.tif
PROCESSED IMG SHAPE: (4, 2189, 2189)
Saved: B3_FOV00_Z064_pr.tif
took 0.9479978084564209 seconds

Processing: B3_FOV00_Z024.tif
PROCESSED IMG SHAPE: (4, 2189, 2189)
Saved: B3_FOV00_Z024_pr.tif
took 0.8109452724456787 seconds

Processing: B3_FOV02_Z046.tif
PROCESSED IMG SHAPE: (4, 2189, 2189)
Saved: B3_FOV02_Z046_pr.tif
took 0.7769324779510498 seconds

Processing: B3_FOV01_Z011.tif
PROCESSED IMG SHAPE: (4, 2189, 2189)
Saved: B3_FOV01_Z011_pr.tif
took 0.8322186470031738 seconds

Processing: B3_FOV02_Z042.tif
PROCESSED IMG SHAPE: (4, 2189, 2189)
Saved: B3_FOV02_Z042_pr.tif
took 0.910189151763916 seconds

Processing: B3_FOV03_Z050.tif
PROCESSED IMG SHAPE: (4, 2189, 2189)
Saved: B3_FOV03_Z050_pr.tif
took 0.7342410087585449 seconds

Processing: B3_FOV00_Z037.tif
PROCESSED IMG SHAPE: (4, 2189, 2189)
Saved: B3_FOV00_Z037_pr.tif
took 0.7387540340423584 seconds

Processing: B3_FOV01_Z002.tif
PROCESSED IMG SHAPE: (4, 2189, 2189)
Saved: B3_FOV01_Z002_pr.tif
took 0.7556753158569336 seconds

Processing: B3_FOV03_Z040.tif
PROCESSED IMG SHAPE: (4, 2189, 2189)
Saved: B3_FOV03_Z040_pr.tif
took 0.787442684173584 seconds

Processing: B3_FOV03_Z039.tif
PROCESSED IMG SHAPE: (4, 2189, 2189)
Saved: B3_FOV03_Z039_pr.tif
took 0.7301790714263916 seconds

Processing: B3_FOV02_Z034.tif
PROCESSED IMG SHAPE: (4, 2189, 2189)
Saved: B3_FOV02_Z034_pr.tif
took 0.890977144241333 seconds

Processing: B3_FOV00_Z012.tif
PROCESSED IMG SHAPE: (4, 2189, 2189)
Saved: B3_FOV00_Z012_pr.tif
took 0.7471473217010498 seconds

Processing: B3_FOV03_Z020.tif
PROCESSED IMG SHAPE: (4, 2189, 2189)
Saved: B3_FOV03_Z020_pr.tif
took 0.7313106060028076 seconds

Processing: B3_FOV03_Z031.tif
PROCESSED IMG SHAPE: (4, 2189, 2189)
Saved: B3_FOV03_Z031_pr.tif
took 0.6849210262298584 seconds

Processing: B3_FOV01_Z023.tif
PROCESSED IMG SHAPE: (4, 2189, 2189)
Saved: B3_FOV01_Z023_pr.tif
took 0.7767953872680664 seconds

Processing: B3_FOV01_Z029.tif
PROCESSED IMG SHAPE: (4, 2189, 2189)
Saved: B3_FOV01_Z029_pr.tif
took 0.7668673992156982 seconds

Processing: B3_FOV02_Z011.tif
PROCESSED IMG SHAPE: (4, 2189, 2189)
Saved: B3_FOV02_Z011_pr.tif
took 0.7296369075775146 seconds

Processing: B3_FOV00_Z015.tif
PROCESSED IMG SHAPE: (4, 2189, 2189)
Saved: B3_FOV00_Z015_pr.tif
took 0.7840831279754639 seconds

Processing: B3_FOV01_Z056.tif
PROCESSED IMG SHAPE: (4, 2189, 2189)
Saved: B3_FOV01_Z056_pr.tif
took 0.7150804996490479 seconds

Processing: B3_FOV03_Z000.tif
PROCESSED IMG SHAPE: (4, 2189, 2189)
Saved: B3_FOV03_Z000_pr.tif
took 0.7633655071258545 seconds

Processing: B3_FOV00_Z031.tif
PROCESSED IMG SHAPE: (4, 2189, 2189)
Saved: B3_FOV00_Z031_pr.tif
took 0.8926975727081299 seconds

Processing: B3_FOV02_Z020.tif
PROCESSED IMG SHAPE: (4, 2189, 2189)
Saved: B3_FOV02_Z020_pr.tif
took 0.7586863040924072 seconds

Processing: B3_FOV01_Z021.tif
PROCESSED IMG SHAPE: (4, 2189, 2189)
Saved: B3_FOV01_Z021_pr.tif
took 0.8492038249969482 seconds

Processing: B3_FOV03_Z017.tif
PROCESSED IMG SHAPE: (4, 2189, 2189)
Saved: B3_FOV03_Z017_pr.tif
took 0.7967634201049805 seconds

Processing: B3_FOV03_Z066.tif
PROCESSED IMG SHAPE: (4, 2189, 2189)
Saved: B3_FOV03_Z066_pr.tif
took 0.7559466361999512 seconds

Processing: B3_FOV00_Z039.tif
PROCESSED IMG SHAPE: (4, 2189, 2189)
Saved: B3_FOV00_Z039_pr.tif
took 0.7444362640380859 seconds

Processing: B3_FOV00_Z019.tif
PROCESSED IMG SHAPE: (4, 2189, 2189)
Saved: B3_FOV00_Z019_pr.tif
took 0.7327120304107666 seconds

Processing: B3_FOV03_Z061.tif
PROCESSED IMG SHAPE: (4, 2189, 2189)
Saved: B3_FOV03_Z061_pr.tif
took 0.9399216175079346 seconds

Processing: B3_FOV01_Z042.tif
PROCESSED IMG SHAPE: (4, 2189, 2189)
Saved: B3_FOV01_Z042_pr.tif
took 0.742511510848999 seconds

Processing: B3_FOV02_Z013.tif
PROCESSED IMG SHAPE: (4, 2189, 2189)
Saved: B3_FOV02_Z013_pr.tif
took 0.6596946716308594 seconds

Processing: B3_FOV02_Z005.tif
PROCESSED IMG SHAPE: (4, 2189, 2189)
Saved: B3_FOV02_Z005_pr.tif
took 0.7309370040893555 seconds

Processing: B3_FOV01_Z018.tif
PROCESSED IMG SHAPE: (4, 2189, 2189)
Saved: B3_FOV01_Z018_pr.tif
took 0.7168869972229004 seconds

Processing: B3_FOV02_Z057.tif
PROCESSED IMG SHAPE: (4, 2189, 2189)
Saved: B3_FOV02_Z057_pr.tif
took 0.6937170028686523 seconds

Processing: B3_FOV02_Z016.tif
PROCESSED IMG SHAPE: (4, 2189, 2189)
Saved: B3_FOV02_Z016_pr.tif
took 0.744816780090332 seconds

Processing: B3_FOV03_Z047.tif
PROCESSED IMG SHAPE: (4, 2189, 2189)
Saved: B3_FOV03_Z047_pr.tif
took 0.7162845134735107 seconds

Processing: B3_FOV00_Z016.tif
PROCESSED IMG SHAPE: (4, 2189, 2189)
Saved: B3_FOV00_Z016_pr.tif
took 0.7340090274810791 seconds

Processing: B3_FOV03_Z015.tif
PROCESSED IMG SHAPE: (4, 2189, 2189)
Saved: B3_FOV03_Z015_pr.tif
took 0.7170441150665283 seconds

Processing: B3_FOV02_Z066.tif
PROCESSED IMG SHAPE: (4, 2189, 2189)
Saved: B3_FOV02_Z066_pr.tif
took 0.747523307800293 seconds

Processing: B3_FOV03_Z011.tif
PROCESSED IMG SHAPE: (4, 2189, 2189)
Saved: B3_FOV03_Z011_pr.tif
took 0.7639832496643066 seconds

Processing: B3_FOV01_Z050.tif
PROCESSED IMG SHAPE: (4, 2189, 2189)
Saved: B3_FOV01_Z050_pr.tif
took 0.7665555477142334 seconds

Processing: B3_FOV01_Z030.tif
PROCESSED IMG SHAPE: (4, 2189, 2189)
Saved: B3_FOV01_Z030_pr.tif
took 0.8367602825164795 seconds

Processing: B3_FOV01_Z055.tif
PROCESSED IMG SHAPE: (4, 2189, 2189)
Saved: B3_FOV01_Z055_pr.tif
took 0.8061981201171875 seconds

Processing: B3_FOV01_Z060.tif
PROCESSED IMG SHAPE: (4, 2189, 2189)
Saved: B3_FOV01_Z060_pr.tif
took 0.6705729961395264 seconds

Processing: B3_FOV00_Z025.tif
PROCESSED IMG SHAPE: (4, 2189, 2189)
Saved: B3_FOV00_Z025_pr.tif
took 0.7133839130401611 seconds

Processing: B3_FOV03_Z021.tif
PROCESSED IMG SHAPE: (4, 2189, 2189)
Saved: B3_FOV03_Z021_pr.tif
took 0.7735581398010254 seconds

Processing: B3_FOV02_Z040.tif
PROCESSED IMG SHAPE: (4, 2189, 2189)
Saved: B3_FOV02_Z040_pr.tif
took 0.8250722885131836 seconds

Processing: B3_FOV02_Z051.tif
PROCESSED IMG SHAPE: (4, 2189, 2189)
Saved: B3_FOV02_Z051_pr.tif
took 0.8369848728179932 seconds

Processing: B3_FOV00_Z042.tif
PROCESSED IMG SHAPE: (4, 2189, 2189)
Saved: B3_FOV00_Z042_pr.tif
took 0.7159092426300049 seconds

Processing: B3_FOV00_Z026.tif
PROCESSED IMG SHAPE: (4, 2189, 2189)
Saved: B3_FOV00_Z026_pr.tif
took 0.7084805965423584 seconds

Processing: B3_FOV00_Z036.tif
PROCESSED IMG SHAPE: (4, 2189, 2189)
Saved: B3_FOV00_Z036_pr.tif
took 0.7431032657623291 seconds

Processing: B3_FOV00_Z032.tif
PROCESSED IMG SHAPE: (4, 2189, 2189)
Saved: B3_FOV00_Z032_pr.tif
took 0.8088066577911377 seconds

Processing: B3_FOV00_Z066.tif
PROCESSED IMG SHAPE: (4, 2189, 2189)
Saved: B3_FOV00_Z066_pr.tif
took 0.7518768310546875 seconds

Processing: B3_FOV00_Z022.tif
PROCESSED IMG SHAPE: (4, 2189, 2189)
Saved: B3_FOV00_Z022_pr.tif
took 0.7738275527954102 seconds

Processing: B3_FOV01_Z007.tif
PROCESSED IMG SHAPE: (4, 2189, 2189)
Saved: B3_FOV01_Z007_pr.tif
took 0.7754881381988525 seconds

Processing: B3_FOV01_Z037.tif
PROCESSED IMG SHAPE: (4, 2189, 2189)
Saved: B3_FOV01_Z037_pr.tif
took 0.7558705806732178 seconds

Processing: B3_FOV00_Z028.tif
PROCESSED IMG SHAPE: (4, 2189, 2189)
Saved: B3_FOV00_Z028_pr.tif
took 0.7202756404876709 seconds

Processing: B3_FOV02_Z047.tif
PROCESSED IMG SHAPE: (4, 2189, 2189)
Saved: B3_FOV02_Z047_pr.tif
took 0.7713520526885986 seconds

Processing: B3_FOV01_Z014.tif
PROCESSED IMG SHAPE: (4, 2189, 2189)
Saved: B3_FOV01_Z014_pr.tif
took 0.7087497711181641 seconds

Processing: B3_FOV01_Z034.tif
PROCESSED IMG SHAPE: (4, 2189, 2189)
Saved: B3_FOV01_Z034_pr.tif
took 0.9397599697113037 seconds

Processing: B3_FOV00_Z027.tif
PROCESSED IMG SHAPE: (4, 2189, 2189)
Saved: B3_FOV00_Z027_pr.tif
took 0.751528263092041 seconds

Processing: B3_FOV00_Z001.tif
PROCESSED IMG SHAPE: (4, 2189, 2189)
Saved: B3_FOV00_Z001_pr.tif
took 0.6784322261810303 seconds

Processing: B3_FOV02_Z038.tif
PROCESSED IMG SHAPE: (4, 2189, 2189)
Saved: B3_FOV02_Z038_pr.tif
took 0.7278091907501221 seconds

Processing: B3_FOV03_Z014.tif
PROCESSED IMG SHAPE: (4, 2189, 2189)
Saved: B3_FOV03_Z014_pr.tif
took 0.6802465915679932 seconds

Processing: B3_FOV02_Z006.tif
PROCESSED IMG SHAPE: (4, 2189, 2189)
Saved: B3_FOV02_Z006_pr.tif
took 0.7633037567138672 seconds

Processing: B3_FOV03_Z037.tif
PROCESSED IMG SHAPE: (4, 2189, 2189)
Saved: B3_FOV03_Z037_pr.tif
took 0.7050826549530029 seconds

Processing: B3_FOV03_Z006.tif
PROCESSED IMG SHAPE: (4, 2189, 2189)
Saved: B3_FOV03_Z006_pr.tif
took 0.7257404327392578 seconds

Processing: B3_FOV02_Z055.tif
PROCESSED IMG SHAPE: (4, 2189, 2189)
Saved: B3_FOV02_Z055_pr.tif
took 0.7787089347839355 seconds

Processing: B3_FOV02_Z000.tif
PROCESSED IMG SHAPE: (4, 2189, 2189)
Saved: B3_FOV02_Z000_pr.tif
took 0.8041207790374756 seconds

Processing: B3_FOV03_Z033.tif
PROCESSED IMG SHAPE: (4, 2189, 2189)
Saved: B3_FOV03_Z033_pr.tif
took 0.7182817459106445 seconds

Processing: B3_FOV00_Z049.tif
PROCESSED IMG SHAPE: (4, 2189, 2189)
Saved: B3_FOV00_Z049_pr.tif
took 0.7413630485534668 seconds

Processing: B3_FOV03_Z007.tif
PROCESSED IMG SHAPE: (4, 2189, 2189)
Saved: B3_FOV03_Z007_pr.tif
took 0.6919910907745361 seconds

Processing: B3_FOV00_Z058.tif
PROCESSED IMG SHAPE: (4, 2189, 2189)
Saved: B3_FOV00_Z058_pr.tif
took 0.8224573135375977 seconds

Processing: B3_FOV00_Z003.tif
PROCESSED IMG SHAPE: (4, 2189, 2189)
Saved: B3_FOV00_Z003_pr.tif
took 0.7739217281341553 seconds

Processing: B3_FOV00_Z044.tif
PROCESSED IMG SHAPE: (4, 2189, 2189)
Saved: B3_FOV00_Z044_pr.tif
took 0.7300453186035156 seconds

Processing: B3_FOV00_Z056.tif
PROCESSED IMG SHAPE: (4, 2189, 2189)
Saved: B3_FOV00_Z056_pr.tif
took 0.7654244899749756 seconds

Processing: B3_FOV01_Z009.tif
PROCESSED IMG SHAPE: (4, 2189, 2189)
Saved: B3_FOV01_Z009_pr.tif
took 0.829301118850708 seconds

Processing: B3_FOV01_Z031.tif
PROCESSED IMG SHAPE: (4, 2189, 2189)
Saved: B3_FOV01_Z031_pr.tif
took 0.9498291015625 seconds

Processing: B3_FOV02_Z022.tif
PROCESSED IMG SHAPE: (4, 2189, 2189)
Saved: B3_FOV02_Z022_pr.tif
took 0.7856631278991699 seconds

Processing: B3_FOV02_Z025.tif
PROCESSED IMG SHAPE: (4, 2189, 2189)
Saved: B3_FOV02_Z025_pr.tif
took 0.7455520629882812 seconds

Processing: B3_FOV00_Z040.tif
PROCESSED IMG SHAPE: (4, 2189, 2189)
Saved: B3_FOV00_Z040_pr.tif
took 0.7545533180236816 seconds

Processing: B3_FOV03_Z042.tif
PROCESSED IMG SHAPE: (4, 2189, 2189)
Saved: B3_FOV03_Z042_pr.tif
took 0.8842899799346924 seconds

Processing: B3_FOV03_Z024.tif
PROCESSED IMG SHAPE: (4, 2189, 2189)
Saved: B3_FOV03_Z024_pr.tif
took 0.8092474937438965 seconds

Processing: B3_FOV02_Z041.tif
PROCESSED IMG SHAPE: (4, 2189, 2189)
Saved: B3_FOV02_Z041_pr.tif
took 0.7698409557342529 seconds

Processing: B3_FOV03_Z002.tif
PROCESSED IMG SHAPE: (4, 2189, 2189)
Saved: B3_FOV03_Z002_pr.tif
took 0.8335192203521729 seconds

Processing: B3_FOV01_Z049.tif
PROCESSED IMG SHAPE: (4, 2189, 2189)
Saved: B3_FOV01_Z049_pr.tif
took 0.7474715709686279 seconds

Processing: B3_FOV01_Z052.tif
PROCESSED IMG SHAPE: (4, 2189, 2189)
Saved: B3_FOV01_Z052_pr.tif
took 0.7911102771759033 seconds

Processing: B3_FOV03_Z062.tif
PROCESSED IMG SHAPE: (4, 2189, 2189)
Saved: B3_FOV03_Z062_pr.tif
took 0.8053569793701172 seconds

Processing: B3_FOV02_Z033.tif
PROCESSED IMG SHAPE: (4, 2189, 2189)
Saved: B3_FOV02_Z033_pr.tif
took 0.7430768013000488 seconds

Processing: B3_FOV01_Z012.tif
PROCESSED IMG SHAPE: (4, 2189, 2189)
Saved: B3_FOV01_Z012_pr.tif
took 0.7357335090637207 seconds

Processing: B3_FOV02_Z012.tif
PROCESSED IMG SHAPE: (4, 2189, 2189)
Saved: B3_FOV02_Z012_pr.tif
took 0.7044727802276611 seconds

Processing: B3_FOV03_Z064.tif
PROCESSED IMG SHAPE: (4, 2189, 2189)
Saved: B3_FOV03_Z064_pr.tif
took 0.7263669967651367 seconds

Processing: B3_FOV03_Z056.tif
PROCESSED IMG SHAPE: (4, 2189, 2189)
Saved: B3_FOV03_Z056_pr.tif
took 0.7988677024841309 seconds

Processing: B3_FOV02_Z035.tif
PROCESSED IMG SHAPE: (4, 2189, 2189)
Saved: B3_FOV02_Z035_pr.tif
took 0.8041388988494873 seconds

Processing: B3_FOV03_Z022.tif
PROCESSED IMG SHAPE: (4, 2189, 2189)
Saved: B3_FOV03_Z022_pr.tif
took 0.7235286235809326 seconds

Processing: B3_FOV02_Z059.tif
PROCESSED IMG SHAPE: (4, 2189, 2189)
Saved: B3_FOV02_Z059_pr.tif
took 0.7173147201538086 seconds

Processing: B3_FOV03_Z034.tif
PROCESSED IMG SHAPE: (4, 2189, 2189)
Saved: B3_FOV03_Z034_pr.tif
took 0.7564513683319092 seconds

Processing: B3_FOV01_Z003.tif
PROCESSED IMG SHAPE: (4, 2189, 2189)
Saved: B3_FOV01_Z003_pr.tif
took 0.7303078174591064 seconds

Processing: B3_FOV02_Z049.tif
PROCESSED IMG SHAPE: (4, 2189, 2189)
Saved: B3_FOV02_Z049_pr.tif
took 0.8167543411254883 seconds

Processing: B3_FOV01_Z053.tif
PROCESSED IMG SHAPE: (4, 2189, 2189)
Saved: B3_FOV01_Z053_pr.tif
took 0.7375447750091553 seconds

Processing: B3_FOV00_Z053.tif
PROCESSED IMG SHAPE: (4, 2189, 2189)
Saved: B3_FOV00_Z053_pr.tif
took 0.7182106971740723 seconds

Processing: B3_FOV00_Z006.tif
PROCESSED IMG SHAPE: (4, 2189, 2189)
Saved: B3_FOV00_Z006_pr.tif
took 0.6850097179412842 seconds

Processing: B3_FOV00_Z018.tif
PROCESSED IMG SHAPE: (4, 2189, 2189)
Saved: B3_FOV00_Z018_pr.tif
took 0.7458794116973877 seconds

Processing: B3_FOV00_Z005.tif
PROCESSED IMG SHAPE: (4, 2189, 2189)
Saved: B3_FOV00_Z005_pr.tif
took 0.7614452838897705 seconds

Processing: B3_FOV00_Z029.tif
PROCESSED IMG SHAPE: (4, 2189, 2189)
Saved: B3_FOV00_Z029_pr.tif
took 0.8800675868988037 seconds

Processing: B3_FOV00_Z060.tif
PROCESSED IMG SHAPE: (4, 2189, 2189)
Saved: B3_FOV00_Z060_pr.tif
took 0.7011606693267822 seconds

Processing: B3_FOV00_Z063.tif
PROCESSED IMG SHAPE: (4, 2189, 2189)
Saved: B3_FOV00_Z063_pr.tif
took 0.694329023361206 seconds

Processing: B3_FOV03_Z013.tif
PROCESSED IMG SHAPE: (4, 2189, 2189)
Saved: B3_FOV03_Z013_pr.tif
took 0.700282096862793 seconds

Processing: B3_FOV01_Z006.tif
PROCESSED IMG SHAPE: (4, 2189, 2189)
Saved: B3_FOV01_Z006_pr.tif
took 0.7865557670593262 seconds

Processing: B3_FOV01_Z061.tif
PROCESSED IMG SHAPE: (4, 2189, 2189)
Saved: B3_FOV01_Z061_pr.tif
took 0.7771632671356201 seconds

Processing: B3_FOV00_Z065.tif
PROCESSED IMG SHAPE: (4, 2189, 2189)
Saved: B3_FOV00_Z065_pr.tif
took 0.7150068283081055 seconds

Processing: B3_FOV01_Z010.tif
PROCESSED IMG SHAPE: (4, 2189, 2189)
Saved: B3_FOV01_Z010_pr.tif
took 0.7759194374084473 seconds

Processing: B3_FOV02_Z015.tif
PROCESSED IMG SHAPE: (4, 2189, 2189)
Saved: B3_FOV02_Z015_pr.tif
took 0.7170798778533936 seconds

Processing: B3_FOV01_Z038.tif
PROCESSED IMG SHAPE: (4, 2189, 2189)
Saved: B3_FOV01_Z038_pr.tif
took 0.6913671493530273 seconds

Processing: B3_FOV02_Z008.tif
PROCESSED IMG SHAPE: (4, 2189, 2189)
Saved: B3_FOV02_Z008_pr.tif
took 0.7294363975524902 seconds

Processing: B3_FOV01_Z045.tif
PROCESSED IMG SHAPE: (4, 2189, 2189)
Saved: B3_FOV01_Z045_pr.tif
took 0.7815091609954834 seconds

Processing: B3_FOV00_Z008.tif
PROCESSED IMG SHAPE: (4, 2189, 2189)
Saved: B3_FOV00_Z008_pr.tif
took 0.7968623638153076 seconds

Processing: B3_FOV01_Z041.tif
PROCESSED IMG SHAPE: (4, 2189, 2189)
Saved: B3_FOV01_Z041_pr.tif
took 0.698645830154419 seconds

Processing: B3_FOV01_Z046.tif
PROCESSED IMG SHAPE: (4, 2189, 2189)
Saved: B3_FOV01_Z046_pr.tif
took 0.7276298999786377 seconds

Processing: B3_FOV02_Z052.tif
PROCESSED IMG SHAPE: (4, 2189, 2189)
Saved: B3_FOV02_Z052_pr.tif
took 0.6967029571533203 seconds

Processing: B3_FOV01_Z024.tif
PROCESSED IMG SHAPE: (4, 2189, 2189)
Saved: B3_FOV01_Z024_pr.tif
took 0.8347282409667969 seconds

Processing: B3_FOV00_Z000.tif
PROCESSED IMG SHAPE: (4, 2189, 2189)
Saved: B3_FOV00_Z000_pr.tif
took 0.7099759578704834 seconds

Processing: B3_FOV01_Z059.tif
PROCESSED IMG SHAPE: (4, 2189, 2189)
Saved: B3_FOV01_Z059_pr.tif
took 0.7344768047332764 seconds

Processing: B3_FOV02_Z058.tif
PROCESSED IMG SHAPE: (4, 2189, 2189)
Saved: B3_FOV02_Z058_pr.tif
took 0.6979649066925049 seconds

Processing: B3_FOV03_Z018.tif
PROCESSED IMG SHAPE: (4, 2189, 2189)
Saved: B3_FOV03_Z018_pr.tif
took 0.7269260883331299 seconds

Processing: B3_FOV03_Z049.tif
PROCESSED IMG SHAPE: (4, 2189, 2189)
Saved: B3_FOV03_Z049_pr.tif
took 0.7590279579162598 seconds

Processing: B3_FOV01_Z062.tif
PROCESSED IMG SHAPE: (4, 2189, 2189)
Saved: B3_FOV01_Z062_pr.tif
took 0.8280184268951416 seconds

Processing: B3_FOV01_Z027.tif
PROCESSED IMG SHAPE: (4, 2189, 2189)
Saved: B3_FOV01_Z027_pr.tif
took 0.7461979389190674 seconds

Processing: B3_FOV03_Z036.tif
PROCESSED IMG SHAPE: (4, 2189, 2189)
Saved: B3_FOV03_Z036_pr.tif
took 0.7453360557556152 seconds

Processing: B3_FOV03_Z053.tif
PROCESSED IMG SHAPE: (4, 2189, 2189)
Saved: B3_FOV03_Z053_pr.tif
took 0.7886013984680176 seconds

Processing: B3_FOV02_Z030.tif
PROCESSED IMG SHAPE: (4, 2189, 2189)
Saved: B3_FOV02_Z030_pr.tif
took 0.9118645191192627 seconds

Processing: B3_FOV02_Z054.tif
PROCESSED IMG SHAPE: (4, 2189, 2189)
Saved: B3_FOV02_Z054_pr.tif
took 0.8155829906463623 seconds

Processing: B3_FOV02_Z064.tif
PROCESSED IMG SHAPE: (4, 2189, 2189)
Saved: B3_FOV02_Z064_pr.tif
took 0.7916450500488281 seconds

Processing: B3_FOV00_Z021.tif
PROCESSED IMG SHAPE: (4, 2189, 2189)
Saved: B3_FOV00_Z021_pr.tif
took 0.7412328720092773 seconds

Processing: B3_FOV00_Z051.tif
PROCESSED IMG SHAPE: (4, 2189, 2189)
Saved: B3_FOV00_Z051_pr.tif
took 0.7414615154266357 seconds

Processing: B3_FOV00_Z061.tif
PROCESSED IMG SHAPE: (4, 2189, 2189)
Saved: B3_FOV00_Z061_pr.tif
took 0.7537751197814941 seconds

Processing: B3_FOV02_Z010.tif
PROCESSED IMG SHAPE: (4, 2189, 2189)
Saved: B3_FOV02_Z010_pr.tif
took 0.7870645523071289 seconds

Processing: B3_FOV01_Z064.tif
PROCESSED IMG SHAPE: (4, 2189, 2189)
Saved: B3_FOV01_Z064_pr.tif
took 0.763427734375 seconds

Processing: B3_FOV03_Z045.tif
PROCESSED IMG SHAPE: (4, 2189, 2189)
Saved: B3_FOV03_Z045_pr.tif
took 0.7739486694335938 seconds

Processing: B3_FOV03_Z030.tif
PROCESSED IMG SHAPE: (4, 2189, 2189)
Saved: B3_FOV03_Z030_pr.tif
took 0.7877907752990723 seconds

Processing: B3_FOV01_Z040.tif
PROCESSED IMG SHAPE: (4, 2189, 2189)
Saved: B3_FOV01_Z040_pr.tif
took 0.7669389247894287 seconds

Processing: B3_FOV03_Z003.tif
PROCESSED IMG SHAPE: (4, 2189, 2189)
Saved: B3_FOV03_Z003_pr.tif
took 0.75520920753479 seconds

Processing: B3_FOV00_Z007.tif
PROCESSED IMG SHAPE: (4, 2189, 2189)
Saved: B3_FOV00_Z007_pr.tif
took 0.7268824577331543 seconds

Processing: B3_FOV01_Z039.tif
PROCESSED IMG SHAPE: (4, 2189, 2189)
Saved: B3_FOV01_Z039_pr.tif
took 0.7781038284301758 seconds

Processing: B3_FOV02_Z007.tif
PROCESSED IMG SHAPE: (4, 2189, 2189)
Saved: B3_FOV02_Z007_pr.tif
took 0.733104944229126 seconds

Processing: B3_FOV03_Z026.tif
PROCESSED IMG SHAPE: (4, 2189, 2189)
Saved: B3_FOV03_Z026_pr.tif
took 0.7341609001159668 seconds

Processing: B3_FOV03_Z008.tif
PROCESSED IMG SHAPE: (4, 2189, 2189)
Saved: B3_FOV03_Z008_pr.tif
took 0.7727751731872559 seconds

Processing: B3_FOV01_Z051.tif
PROCESSED IMG SHAPE: (4, 2189, 2189)
Saved: B3_FOV01_Z051_pr.tif
took 0.9131593704223633 seconds

Processing: B3_FOV00_Z030.tif
PROCESSED IMG SHAPE: (4, 2189, 2189)
Saved: B3_FOV00_Z030_pr.tif
took 0.7706348896026611 seconds

Processing: B3_FOV00_Z045.tif
PROCESSED IMG SHAPE: (4, 2189, 2189)
Saved: B3_FOV00_Z045_pr.tif
took 0.8099887371063232 seconds

Processing: B3_FOV00_Z055.tif
PROCESSED IMG SHAPE: (4, 2189, 2189)
Saved: B3_FOV00_Z055_pr.tif
took 0.8175449371337891 seconds

Processing: B3_FOV03_Z054.tif
PROCESSED IMG SHAPE: (4, 2189, 2189)
Saved: B3_FOV03_Z054_pr.tif
took 0.7775254249572754 seconds

Processing: B3_FOV01_Z008.tif
PROCESSED IMG SHAPE: (4, 2189, 2189)
Saved: B3_FOV01_Z008_pr.tif
took 0.7224678993225098 seconds

Processing: B3_FOV02_Z032.tif
PROCESSED IMG SHAPE: (4, 2189, 2189)
Saved: B3_FOV02_Z032_pr.tif
took 0.7817857265472412 seconds

Processing: B3_FOV03_Z025.tif
PROCESSED IMG SHAPE: (4, 2189, 2189)
Saved: B3_FOV03_Z025_pr.tif
took 0.6744887828826904 seconds

Processing: B3_FOV03_Z035.tif
PROCESSED IMG SHAPE: (4, 2189, 2189)
Saved: B3_FOV03_Z035_pr.tif
took 0.7492184638977051 seconds

Processing: B3_FOV01_Z022.tif
PROCESSED IMG SHAPE: (4, 2189, 2189)
Saved: B3_FOV01_Z022_pr.tif
took 0.7609422206878662 seconds

Processing: B3_FOV00_Z010.tif
PROCESSED IMG SHAPE: (4, 2189, 2189)
Saved: B3_FOV00_Z010_pr.tif
took 0.7504212856292725 seconds

Processing: B3_FOV01_Z057.tif
PROCESSED IMG SHAPE: (4, 2189, 2189)
Saved: B3_FOV01_Z057_pr.tif
took 0.7101733684539795 seconds

Processing: B3_FOV01_Z058.tif
PROCESSED IMG SHAPE: (4, 2189, 2189)
Saved: B3_FOV01_Z058_pr.tif
took 0.7800917625427246 seconds

Processing: B3_FOV03_Z041.tif
PROCESSED IMG SHAPE: (4, 2189, 2189)
Saved: B3_FOV03_Z041_pr.tif
took 0.7940075397491455 seconds

Processing: B3_FOV00_Z017.tif
PROCESSED IMG SHAPE: (4, 2189, 2189)
Saved: B3_FOV00_Z017_pr.tif
took 0.8702864646911621 seconds

Processing: B3_FOV00_Z033.tif
PROCESSED IMG SHAPE: (4, 2189, 2189)
Saved: B3_FOV00_Z033_pr.tif
took 0.684126615524292 seconds

Processing: B3_FOV02_Z063.tif
PROCESSED IMG SHAPE: (4, 2189, 2189)
Saved: B3_FOV02_Z063_pr.tif
took 0.7686107158660889 seconds

Processing: B3_FOV01_Z028.tif
PROCESSED IMG SHAPE: (4, 2189, 2189)
Saved: B3_FOV01_Z028_pr.tif
took 0.770240306854248 seconds

Processing: B3_FOV02_Z023.tif
PROCESSED IMG SHAPE: (4, 2189, 2189)
Saved: B3_FOV02_Z023_pr.tif
took 0.7530312538146973 seconds

Processing: B3_FOV01_Z025.tif
PROCESSED IMG SHAPE: (4, 2189, 2189)
Saved: B3_FOV01_Z025_pr.tif
took 0.6967337131500244 seconds

Processing: B3_FOV02_Z045.tif
PROCESSED IMG SHAPE: (4, 2189, 2189)
Saved: B3_FOV02_Z045_pr.tif
took 0.778555154800415 seconds

Processing: B3_FOV00_Z041.tif
PROCESSED IMG SHAPE: (4, 2189, 2189)
Saved: B3_FOV00_Z041_pr.tif
took 0.7366476058959961 seconds

Processing: B3_FOV01_Z048.tif
PROCESSED IMG SHAPE: (4, 2189, 2189)
Saved: B3_FOV01_Z048_pr.tif
took 0.8018252849578857 seconds

Processing: B3_FOV00_Z035.tif
PROCESSED IMG SHAPE: (4, 2189, 2189)
Saved: B3_FOV00_Z035_pr.tif
took 0.7816553115844727 seconds

Processing: B3_FOV02_Z060.tif
PROCESSED IMG SHAPE: (4, 2189, 2189)
Saved: B3_FOV02_Z060_pr.tif
took 0.7965197563171387 seconds

Processing: B3_FOV03_Z046.tif
PROCESSED IMG SHAPE: (4, 2189, 2189)
Saved: B3_FOV03_Z046_pr.tif
took 0.7744472026824951 seconds

Processing: B3_FOV00_Z013.tif
PROCESSED IMG SHAPE: (4, 2189, 2189)
Saved: B3_FOV00_Z013_pr.tif
took 0.6792984008789062 seconds

Processing: B3_FOV01_Z033.tif
PROCESSED IMG SHAPE: (4, 2189, 2189)
Saved: B3_FOV01_Z033_pr.tif
took 0.7205629348754883 seconds

Processing: B3_FOV03_Z057.tif
PROCESSED IMG SHAPE: (4, 2189, 2189)
Saved: B3_FOV03_Z057_pr.tif
took 0.781919002532959 seconds

Processing: B3_FOV02_Z039.tif
PROCESSED IMG SHAPE: (4, 2189, 2189)
Saved: B3_FOV02_Z039_pr.tif
took 0.7422313690185547 seconds

Processing: B3_FOV01_Z017.tif
PROCESSED IMG SHAPE: (4, 2189, 2189)
Saved: B3_FOV01_Z017_pr.tif
took 0.8233785629272461 seconds

Processing: B3_FOV01_Z004.tif
PROCESSED IMG SHAPE: (4, 2189, 2189)
Saved: B3_FOV01_Z004_pr.tif
took 0.7324581146240234 seconds

Processing: B3_FOV00_Z062.tif
PROCESSED IMG SHAPE: (4, 2189, 2189)
Saved: B3_FOV00_Z062_pr.tif
took 0.836437463760376 seconds

Processing: B3_FOV02_Z029.tif
PROCESSED IMG SHAPE: (4, 2189, 2189)
Saved: B3_FOV02_Z029_pr.tif
took 0.7837789058685303 seconds

Processing: B3_FOV02_Z024.tif
PROCESSED IMG SHAPE: (4, 2189, 2189)
Saved: B3_FOV02_Z024_pr.tif
took 0.7447397708892822 seconds

Processing: B3_FOV00_Z048.tif
PROCESSED IMG SHAPE: (4, 2189, 2189)
Saved: B3_FOV00_Z048_pr.tif
took 0.7518012523651123 seconds

Processing: B3_FOV01_Z032.tif
PROCESSED IMG SHAPE: (4, 2189, 2189)
Saved: B3_FOV01_Z032_pr.tif
took 0.7410495281219482 seconds

Processing: B3_FOV02_Z048.tif
PROCESSED IMG SHAPE: (4, 2189, 2189)
Saved: B3_FOV02_Z048_pr.tif
took 0.6764459609985352 seconds

Processing: B3_FOV00_Z038.tif
PROCESSED IMG SHAPE: (4, 2189, 2189)
Saved: B3_FOV00_Z038_pr.tif
took 0.7527561187744141 seconds

Processing: B3_FOV00_Z050.tif
PROCESSED IMG SHAPE: (4, 2189, 2189)
Saved: B3_FOV00_Z050_pr.tif
took 0.7119400501251221 seconds

Processing: B3_FOV02_Z018.tif
PROCESSED IMG SHAPE: (4, 2189, 2189)
Saved: B3_FOV02_Z018_pr.tif
took 0.7378568649291992 seconds

Processing: B3_FOV03_Z001.tif
PROCESSED IMG SHAPE: (4, 2189, 2189)
Saved: B3_FOV03_Z001_pr.tif
took 0.7145335674285889 seconds

Processing: B3_FOV02_Z021.tif
PROCESSED IMG SHAPE: (4, 2189, 2189)
Saved: B3_FOV02_Z021_pr.tif
took 0.7001879215240479 seconds

Processing: B3_FOV03_Z012.tif
PROCESSED IMG SHAPE: (4, 2189, 2189)
Saved: B3_FOV03_Z012_pr.tif
took 0.7690362930297852 seconds

Processing: B3_FOV01_Z063.tif
PROCESSED IMG SHAPE: (4, 2189, 2189)
Saved: B3_FOV01_Z063_pr.tif
took 0.7845399379730225 seconds

Processing: B3_FOV01_Z066.tif
PROCESSED IMG SHAPE: (4, 2189, 2189)
Saved: B3_FOV01_Z066_pr.tif
took 0.8217799663543701 seconds

Processing: B3_FOV00_Z043.tif
PROCESSED IMG SHAPE: (4, 2189, 2189)
Saved: B3_FOV00_Z043_pr.tif
took 0.7067022323608398 seconds

Processing: B3_FOV02_Z003.tif
PROCESSED IMG SHAPE: (4, 2189, 2189)
Saved: B3_FOV02_Z003_pr.tif
took 0.783564567565918 seconds

Processing: B3_FOV02_Z027.tif
PROCESSED IMG SHAPE: (4, 2189, 2189)
Saved: B3_FOV02_Z027_pr.tif
took 0.7658977508544922 seconds

Processing: B3_FOV02_Z036.tif
PROCESSED IMG SHAPE: (4, 2189, 2189)
Saved: B3_FOV02_Z036_pr.tif
took 0.7319028377532959 seconds

Processing: B3_FOV00_Z047.tif
PROCESSED IMG SHAPE: (4, 2189, 2189)
Saved: B3_FOV00_Z047_pr.tif
took 0.8108150959014893 seconds

Processing: B3_FOV02_Z061.tif
PROCESSED IMG SHAPE: (4, 2189, 2189)
Saved: B3_FOV02_Z061_pr.tif
took 0.7513895034790039 seconds

Processing: B3_FOV01_Z016.tif
PROCESSED IMG SHAPE: (4, 2189, 2189)
Saved: B3_FOV01_Z016_pr.tif
took 0.6969892978668213 seconds

Processing complete! Saved images.
Preprocessing B3 took 203.813098 seconds
